customer_email,customer_name,age,monthly_income_eur,tenure_months,discount_sensitivity,engagement_score,total_orders_12m,total_revenue_12m,arpu_12m,recency_days_last_purchase,impressions_90d,clicks_90d,conversions_90d,spend_90d,opened_emails_90d,clicked_emails_90d,churned,nps,country,gender,channel_preference,product_category_top
user_220@example.com,Customer Name 220,29,5103,47,-1.6145803985364602,2.026218008343411,27,1774.28,147.86,109,1774,74,11,248.27,6,2,0,8,IT,male,sms,mobile
user_710@example.com,Customer Name 710,61,1502,59,0.6910155628523448,0.6764303398900602,11,730.24,60.85,23,1460,143,25,629.67,0,0,0,4,ES,female,web_display,mobile
user_111@example.com,Customer Name 111,28,5087,79,-1.1782671190839409,1.0749371093900386,28,1854.1499999999999,154.51,23,395,18,0,124.51,2,0,0,6,IT,male,web_display,internet
user_1171@example.com,Customer Name 1171,36,2377,45,2.377196783235436,-0.09851528544758709,7,314.09,26.17,55,1029,17,4,73.72,22,10,0,2,IT,female,social,internet
user_752@example.com,Customer Name 752,58,1059,51,2.2324338699130974,-0.6377876243122744,15,775.0,64.58,29,351,49,8,467.87,23,5,0,4,ES,male,web_display,internet
user_992@example.com,Customer Name 992,20,5851,52,0.04098332939325622,0.6336535443316407,45,2481.21,206.77,60,1910,133,10,615.16,23,8,0,2,IT,male,push_app,bundle
user_887@example.com,Customer Name 887,35,7997,75,-1.0477377941265065,1.6934464074275177,41,1657.92,138.16,37,107,2,0,136.25,23,8,0,9,DE,male,sms,mobile
user_838@example.com,Customer Name 838,27,3176,99,-1.0258262752631566,-0.8347922907828428,6,240.51,20.04,29,1748,231,48,1179.34,5,0,1,3,DE,male,push_app,bundle
user_1114@example.com,Customer Name 1114,30,878,56,2.263208099318554,1.548620415100245,17,326.67,27.22,17,1184,124,36,347.84,5,1,0,4,FR,female,social,mobile
user_502@example.com,Customer Name 502,56,5872,100,-1.5701288427032858,1.8199072251024873,44,1072.42,89.37,6,240,31,2,344.17,20,2,0,8,NL,male,push_app,mobile
user_646@example.com,Customer Name 646,31,4907,46,-0.03834866211612109,-1.3680357311644658,4,162.89,13.57,47,387,57,13,322.94,23,5,0,10,FR,male,push_app,bundle
user_55@example.com,Customer Name 55,19,7614,115,-1.1784456917815536,2.08275704858189,60,3405.9,283.82,21,1980,31,9,339.94,6,1,0,4,IT,male,web_display,tv
user_50@example.com,Customer Name 50,42,5384,17,-1.6455322175747902,2.266110674652335,35,2114.45,176.2,24,1973,26,2,343.82,6,2,0,8,ES,female,push_app,mobile
user_280@example.com,Customer Name 280,28,1404,100,1.0552251064401532,0.12230081916777935,17,1109.37,92.45,47,1859,250,13,1158.9399999999998,12,1,0,5,ES,male,social,mobile
user_1024@example.com,Customer Name 1024,69,1688,83,1.0779435915529731,-0.13845996115398213,14,1070.13,89.18,147,860,106,5,523.16,13,1,0,3,FR,female,web_display,tv
user_295@example.com,Customer Name 295,19,926,111,-1.0206534685068067,-1.0482378690021854,6,166.05,13.84,14,1655,109,26,232.62,17,6,1,4,DE,male,social,bundle
user_252@example.com,Customer Name 252,23,4590,56,-0.014673769871792003,2.6670771059108755,54,1805.3200000000002,150.44,19,548,14,2,55.56999999999999,2,0,0,8,NL,male,social,mobile
user_200@example.com,Customer Name 200,56,2089,86,1.7872571081790367,0.2361527726622695,11,558.0799999999999,46.51,30,389,44,1,404.24,25,1,0,2,FR,female,sms,internet
user_864@example.com,Customer Name 864,29,5962,62,-1.3365249782585298,1.3232987280482904,33,721.47,60.12,6,1159,150,42,497.81000000000006,28,12,0,6,IT,male,social,mobile
user_613@example.com,Customer Name 613,35,989,38,1.2543359499226796,-0.4226950563289793,11,385.26,32.11,61,1010,25,4,104.1,2,0,0,2,DE,male,sms,bundle
user_928@example.com,Customer Name 928,21,4516,70,-0.1254408421806365,1.6724794974781758,29,1645.31,137.11,17,248,24,2,163.94,13,2,0,9,ES,female,web_display,bundle
user_1144@example.com,Customer Name 1144,62,2419,85,1.773414191497529,0.4257462956070981,25,1427.6,118.97,15,707,63,2,358.5,28,12,0,7,NL,male,sms,tv
user_516@example.com,Customer Name 516,22,4665,77,0.1951234683734065,1.2368153256827852,50,1739.86,144.99,64,429,6,0,29.25,21,1,0,10,NL,male,social,bundle
user_544@example.com,Customer Name 544,18,2378,112,1.4679373534527111,-0.14522216966735813,12,285.23,23.77,58,1777,44,9,286.8,25,4,0,9,FR,female,sms,bundle
user_760@example.com,Customer Name 760,40,929,23,1.4393219639424355,-0.20320465982934155,22,610.22,50.85,16,196,8,0,255.46,8,3,0,10,DE,male,sms,bundle
user_803@example.com,Customer Name 803,67,4364,14,-1.3262821679306087,-0.5931440465678557,2,108.08,9.01,379,1808,232,1,718.8,24,9,0,7,NL,female,social,tv
user_20@example.com,Customer Name 20,41,6281,77,0.12954823900601603,1.6606423739584133,45,2772.34,231.03,5,1435,143,20,428.15,4,1,0,8,ES,female,social,mobile
user_1041@example.com,Customer Name 1041,45,4884,109,-0.27799865766691584,0.5529045114159525,47,973.65,81.14,85,231,9,0,32.38,3,1,0,10,ES,female,sms,mobile
user_569@example.com,Customer Name 569,50,7921,102,-1.1260247426813401,2.040379702736687,39,830.49,69.21,46,469,53,13,422.95,7,2,0,10,IT,male,push_app,internet
user_868@example.com,Customer Name 868,47,1504,14,0.7381697964189725,0.649688866327067,21,333.1,27.76,4,1093,125,1,534.87,12,3,0,8,ES,female,social,tv
user_611@example.com,Customer Name 611,65,1074,18,0.7999441367117531,0.060128420209667216,19,1460.3200000000002,121.69,59,518,6,0,108.46000000000001,19,3,0,1,ES,male,web_display,tv
user_961@example.com,Customer Name 961,26,841,33,0.7646281815673641,0.21114580979401731,5,196.43,16.37,121,923,107,6,68.68,0,0,0,2,NL,male,sms,tv
user_49@example.com,Customer Name 49,21,6119,40,-1.7025888992212408,1.1985547990478962,54,3458.67,288.22,31,1977,82,14,393.34,29,8,0,1,IT,male,sms,internet
user_203@example.com,Customer Name 203,44,2419,8,1.6611365215349556,0.49422130409426096,13,616.35,51.36,59,651,45,4,126.8,15,0,0,9,FR,female,push_app,bundle
user_398@example.com,Customer Name 398,42,5324,72,0.32852486143784565,0.10721661432237939,7,394.48,32.87,29,498,65,13,344.71000000000004,20,2,1,3,ES,female,sms,mobile
user_913@example.com,Customer Name 913,23,6950,54,0.2312467391373197,-2.5170265461625982,6,243.93,20.33,34,1412,96,24,178.8,6,0,0,6,FR,male,push_app,bundle
user_770@example.com,Customer Name 770,45,2128,88,1.5626759215064971,0.09802059016557085,13,577.8299999999999,48.15,25,1917,144,27,734.2,24,4,0,7,NL,female,web_display,internet
user_100@example.com,Customer Name 100,32,5664,62,-1.6974624786396497,3.1109947377188982,39,2364.87,197.07,23,1083,146,23,249.92000000000002,10,3,0,9,DE,female,social,tv
user_470@example.com,Customer Name 470,69,2053,70,1.034159707791851,0.3011070940398457,14,780.96,65.08,9,1653,95,16,653.33,7,1,0,9,ES,male,social,mobile
user_263@example.com,Customer Name 263,37,7246,63,-1.9635858205166052,1.0361152044918227,41,699.19,58.27,27,971,45,5,321.16,9,3,0,1,ES,female,social,tv
user_116@example.com,Customer Name 116,52,6720,96,-0.4843964461087388,1.3592406056898083,49,1453.7,121.14,33,1182,34,3,291.78,28,9,0,8,DE,male,web_display,mobile
user_814@example.com,Customer Name 814,43,1122,120,2.097698356089313,1.0308447566024161,18,683.53,56.96,37,1018,65,15,366.08,27,10,0,4,NL,female,push_app,tv
user_342@example.com,Customer Name 342,25,4743,47,-1.1182744432010656,1.6326421895227525,34,2695.06,224.59,119,1283,68,16,103.15,19,5,0,10,ES,female,web_display,tv
user_89@example.com,Customer Name 89,38,1502,27,2.1280299773485485,0.6672282511123462,16,779.5400000000001,64.96,14,1706,100,3,317.58000000000004,17,8,0,2,DE,male,social,internet
user_468@example.com,Customer Name 468,62,5225,91,0.9500577793216759,-2.992014110179391,3,159.07,13.26,419,1429,166,17,454.44,10,2,1,3,ES,female,social,internet
user_753@example.com,Customer Name 753,66,7393,62,-0.7219365417111094,2.8454852994342836,48,1981.06,165.09,27,1464,138,40,540.64,24,4,0,10,ES,female,sms,tv
user_195@example.com,Customer Name 195,44,6266,86,-1.7431118385017654,1.8830165306375897,48,2864.27,238.69,31,1399,131,12,696.62,6,0,0,8,IT,female,social,mobile
user_390@example.com,Customer Name 390,50,2156,75,1.8559464578101452,-0.17113870399342454,23,1306.47,108.87,14,400,34,6,328.79999999999995,3,0,0,8,NL,female,push_app,tv
user_473@example.com,Customer Name 473,52,951,21,1.4244159208114378,0.7968636461118148,22,694.5999999999999,57.88,40,1258,172,1,222.03,27,2,0,8,NL,female,social,mobile
user_101@example.com,Customer Name 101,62,2610,65,1.0446106447540362,-1.7742516732016131,6,221.69,18.47,4,1984,96,23,220.8,27,9,1,4,ES,male,push_app,mobile
user_222@example.com,Customer Name 222,19,1998,21,1.3025852241172602,0.7311296765159355,21,1294.84,107.9,10,1652,114,10,192.20999999999998,0,0,0,9,ES,male,social,internet
user_630@example.com,Customer Name 630,66,2258,33,0.5332766290744215,-1.574948463103704,3,122.22999999999999,10.19,10,1069,75,10,325.45000000000005,1,0,0,1,FR,male,push_app,bundle
user_919@example.com,Customer Name 919,28,1700,15,2.3628544034534054,-0.04576939262763624,23,484.15,40.35,33,763,66,12,250.95999999999998,15,5,0,7,NL,female,web_display,internet
user_543@example.com,Customer Name 543,49,5692,74,-2.152704825307645,2.946702834156103,52,3994.1899999999996,332.85,29,1648,130,10,758.12,15,3,0,9,FR,male,web_display,mobile
user_131@example.com,Customer Name 131,41,4022,13,-1.2499872200838986,1.7407034507488441,31,1432.83,119.4,146,927,101,0,157.04,1,0,0,8,IT,male,push_app,tv
user_506@example.com,Customer Name 506,20,1549,104,1.0126511719578666,0.8398449084311774,24,1033.6999999999998,86.14,29,257,30,4,183.06,27,2,0,7,NL,female,sms,bundle
user_318@example.com,Customer Name 318,55,4127,43,-0.13594320503206592,2.497173510178654,28,389.12,32.43,124,256,24,1,21.93,29,0,0,10,FR,female,sms,internet
user_272@example.com,Customer Name 272,69,5211,26,-0.11628013035130758,-0.085896678798974,46,1510.53,125.88,52,1204,44,13,159.31,18,3,0,7,ES,female,web_display,bundle
user_142@example.com,Customer Name 142,64,1634,56,1.0998740867925787,1.1977538885873338,26,1394.72,116.23,19,856,60,16,567.96,4,1,0,5,IT,male,push_app,internet
user_401@example.com,Customer Name 401,20,7158,61,-2.0400783972086023,2.2166737167355937,37,2338.96,194.91,45,597,76,13,265.15000000000003,4,0,0,9,NL,male,web_display,bundle
user_1080@example.com,Customer Name 1080,35,1665,113,1.2465673978586256,0.06864214879070185,20,1327.67,110.64,131,1708,185,25,693.69,6,2,0,1,ES,male,social,tv
user_585@example.com,Customer Name 585,43,2368,49,2.2132475240110083,0.4010771234526129,19,368.01,30.67,20,1251,185,10,691.39,29,9,0,6,FR,female,push_app,tv
user_84@example.com,Customer Name 84,32,2240,62,2.983658240176627,-0.6958616550240202,14,186.38,15.53,140,817,27,6,31.52,21,2,0,2,IT,female,sms,tv
user_246@example.com,Customer Name 246,34,2388,30,1.807942833008115,0.05624186770752976,22,1530.5900000000001,127.55,12,141,17,5,168.58999999999997,14,2,0,5,ES,female,push_app,bundle
user_105@example.com,Customer Name 105,26,4911,119,-1.239021759872496,2.757092633631574,40,2530.1600000000003,210.85,30,1678,119,3,524.69,18,1,0,10,IT,female,push_app,mobile
user_842@example.com,Customer Name 842,38,1023,68,1.6942335289343189,-0.5112127711459775,15,453.22,37.77,58,1551,157,45,385.54999999999995,23,3,0,10,ES,female,push_app,bundle
user_357@example.com,Customer Name 357,68,7302,107,-0.23517534780488647,1.1300689683051073,51,1294.1000000000001,107.84,16,293,28,3,150.57999999999998,23,5,0,7,NL,female,push_app,tv
user_1181@example.com,Customer Name 1181,64,1523,44,2.4042134876848467,-0.7359458736058239,14,594.86,49.57,103,288,20,2,38.74,20,6,0,1,IT,female,sms,bundle
user_1179@example.com,Customer Name 1179,51,7881,16,-1.2622052088756646,-1.205352348900019,7,225.82999999999998,18.82,20,1338,77,1,173.14999999999998,14,4,1,4,ES,male,web_display,mobile
user_1014@example.com,Customer Name 1014,55,5654,25,-1.633003433127938,0.8745183975349583,45,1365.06,113.76,3,830,98,0,182.23,10,3,0,5,NL,other,web_display,mobile
user_551@example.com,Customer Name 551,19,7766,87,-1.1266119365877407,2.49434360617702,27,1633.78,136.15,143,1461,137,13,559.59,16,7,0,10,ES,male,sms,bundle
user_14@example.com,Customer Name 14,53,4187,107,0.5274183096191933,1.685100485161187,40,753.03,62.75,2,611,86,1,246.82,10,2,0,8,ES,male,push_app,bundle
user_63@example.com,Customer Name 63,52,6214,29,0.30242545317837355,2.0922006010633294,27,965.8299999999999,80.49,15,850,56,1,326.57,25,9,0,10,IT,female,push_app,internet
user_15@example.com,Customer Name 15,57,1276,41,1.3274706117102475,0.4591550450067242,11,430.89,35.91,48,1977,211,62,996.85,24,5,0,1,ES,male,push_app,mobile
user_78@example.com,Customer Name 78,51,1288,5,1.6994108091451412,0.4257867737224925,18,925.96,77.16,42,1105,92,21,325.9,12,5,0,2,ES,female,web_display,bundle
user_970@example.com,Customer Name 970,43,7528,75,-0.6233610389091255,1.6347364584029425,49,1802.98,150.25,13,129,13,2,281.21,19,4,0,9,ES,male,web_display,internet
user_1195@example.com,Customer Name 1195,63,1588,42,1.3476641398860296,-0.021026330133455173,16,567.49,47.29,81,1725,208,54,582.5,1,0,0,4,FR,female,web_display,tv
user_776@example.com,Customer Name 776,67,982,104,1.056309355638436,0.20362238755507495,14,832.3299999999999,69.36,23,1465,94,18,613.95,15,5,0,8,IT,female,web_display,mobile
user_538@example.com,Customer Name 538,51,2975,46,-1.0678769006889137,-1.5756612157842722,10,392.4,32.7,10,456,34,1,364.27,9,0,0,6,IT,female,web_display,mobile
user_430@example.com,Customer Name 430,24,5038,47,-2.0088498821294887,2.0956144248428816,31,1574.89,131.24,9,1426,170,48,264.5,10,2,0,9,IT,female,push_app,tv
user_848@example.com,Customer Name 848,62,7966,67,-2.0402674686611357,1.7028538843359355,51,3169.9500000000003,264.16,31,503,35,10,311.21,1,0,0,9,ES,male,social,tv
user_882@example.com,Customer Name 882,55,1212,69,0.9641428944503708,-0.3211142835150107,13,439.12,36.59,34,1574,153,19,208.65,8,0,0,7,NL,female,push_app,mobile
user_595@example.com,Customer Name 595,21,4950,15,-1.0242507447079223,0.23501840800927143,9,416.81999999999994,34.73,5,515,20,0,302.89,27,12,0,10,IT,male,social,internet
user_90@example.com,Customer Name 90,33,6070,96,-0.2653500962139233,1.3255965023913752,64,2815.46,234.62,27,1811,109,6,474.96,3,1,0,10,NL,male,social,tv
user_936@example.com,Customer Name 936,46,1641,33,1.339954340862395,0.6593525120868026,14,642.6700000000001,53.56,51,481,46,12,192.85,25,11,0,5,NL,female,push_app,internet
user_683@example.com,Customer Name 683,30,2017,76,1.6110151993690143,0.21527357329435304,12,288.43,24.04,37,1790,166,28,529.86,4,1,0,4,ES,female,web_display,mobile
user_1043@example.com,Customer Name 1043,52,2130,27,0.5714462251618811,0.4942091418518867,11,386.25,32.19,27,494,54,4,175.88,26,6,0,10,ES,male,social,bundle
user_694@example.com,Customer Name 694,36,4302,121,-1.1295866393463054,2.908307714975062,59,3977.7000000000003,331.48,51,1607,214,56,1263.6499999999999,2,0,0,10,DE,female,sms,tv
user_22@example.com,Customer Name 22,47,866,34,-0.97251062651951,-2.3561129142417925,8,364.36,30.36,28,530,59,4,206.39,22,5,1,1,FR,male,sms,bundle
user_1123@example.com,Customer Name 1123,30,1193,96,-1.075353781514241,-0.8569935059766034,6,189.86,15.82,8,107,1,0,62.2,14,3,1,1,ES,female,sms,bundle
user_774@example.com,Customer Name 774,43,816,46,2.6852125842600914,0.8154150198305907,21,671.98,56.0,42,1343,27,4,208.79,15,6,0,10,FR,other,push_app,internet
user_624@example.com,Customer Name 624,40,1216,9,0.43225127254625406,0.1438743237709106,20,457.66999999999996,38.14,45,430,47,1,274.71,20,0,0,8,ES,female,social,bundle
user_132@example.com,Customer Name 132,54,2446,88,0.9983965593199433,-0.4246724222890386,19,765.03,63.75,124,1113,102,13,295.42,25,4,0,9,NL,female,social,internet
user_439@example.com,Customer Name 439,29,6902,3,1.352809336183567,-2.468245001319941,3,178.13,14.84,408,843,23,3,36.7,19,9,1,3,IT,female,sms,mobile
user_1016@example.com,Customer Name 1016,51,2136,92,2.3187400876473534,1.059254027500483,20,398.96000000000004,33.25,27,756,33,6,257.6,25,7,0,2,NL,female,web_display,bundle
user_966@example.com,Customer Name 966,47,6115,85,-0.5561056864887945,-0.3106172925260977,15,574.3100000000001,47.86,27,937,52,1,445.57,12,1,0,7,NL,female,web_display,bundle
user_102@example.com,Customer Name 102,18,4101,88,-1.1255078886258012,1.6445696469044404,36,1868.57,155.71,138,1204,58,17,223.91,5,0,0,10,FR,male,sms,tv
user_522@example.com,Customer Name 522,22,1149,87,1.5638521285331828,0.7307049685323368,28,919.47,76.62,24,1851,61,13,731.71,29,7,0,5,NL,male,push_app,tv
user_1164@example.com,Customer Name 1164,35,2293,53,0.3480488565797119,0.701396761866963,15,953.0,79.42,24,1705,33,0,264.69,23,3,0,10,ES,male,web_display,internet
user_1011@example.com,Customer Name 1011,33,6623,62,-1.1310397004127521,-2.20031282937886,6,176.51999999999998,14.71,30,1779,21,2,116.66,2,0,0,3,ES,female,web_display,bundle
user_583@example.com,Customer Name 583,40,7662,121,-1.0388436970749233,2.7149503584173935,30,1280.9,106.74,34,523,37,6,69.97,4,0,0,8,IT,male,sms,internet
user_872@example.com,Customer Name 872,64,6690,40,-0.4296970590636351,1.9988859694716332,48,777.08,64.76,8,203,16,1,265.79,1,0,0,9,NL,female,web_display,internet
user_1048@example.com,Customer Name 1048,19,1114,4,1.2015196734419757,1.4151890418440538,21,1374.5800000000002,114.55,9,1032,24,5,225.75,25,7,0,8,IT,female,web_display,tv
user_600@example.com,Customer Name 600,53,1279,70,1.6692464992228764,1.0063242178348049,21,718.4200000000001,59.87,10,1644,225,14,549.39,17,5,0,3,ES,female,social,mobile
user_12@example.com,Customer Name 12,28,1575,101,2.454702501518467,0.005334220657955108,11,547.36,45.61,1,1629,208,22,651.76,18,8,0,2,FR,male,social,tv
user_46@example.com,Customer Name 46,26,5733,5,-0.23047195895128958,1.8888244419067568,43,2207.1699999999996,183.93,55,243,33,0,194.77,24,10,0,10,IT,female,push_app,bundle
user_314@example.com,Customer Name 314,28,4519,39,-0.6389327706767125,2.337081030064916,58,1423.8100000000002,118.65,3,158,23,2,424.79,28,3,0,9,ES,male,sms,tv
user_304@example.com,Customer Name 304,52,4333,102,-1.4434877170674805,-0.05126521576139609,12,490.54999999999995,40.88,9,1132,110,32,452.05,19,1,0,10,FR,male,sms,internet
user_743@example.com,Customer Name 743,38,1613,5,0.6876168639701922,-0.4861814166167584,12,729.73,60.81,28,112,16,1,530.13,9,0,1,2,NL,female,push_app,mobile
user_764@example.com,Customer Name 764,49,4560,52,-1.6087595974019273,-2.2871363552223642,8,330.37,27.53,17,1807,42,5,226.92000000000002,17,7,1,3,IT,other,sms,internet
user_421@example.com,Customer Name 421,56,4973,58,-1.6521727275476408,0.8517557772598624,47,1197.04,99.75,23,1345,166,5,761.54,7,0,0,8,IT,male,social,mobile
user_748@example.com,Customer Name 748,36,5213,43,-0.8105163320320445,-1.538711936381513,6,378.34000000000003,31.53,44,1090,129,22,777.46,29,12,0,8,FR,male,sms,internet
user_446@example.com,Customer Name 446,49,5315,113,-0.6720184036803544,0.8147195614470495,36,1641.7,136.81,2,963,60,14,151.31,12,1,0,10,IT,female,social,tv
user_296@example.com,Customer Name 296,18,3977,20,-0.31343940727687924,-1.0397238414212482,6,317.42,26.45,3,1968,291,26,739.97,29,9,1,3,IT,male,social,bundle
user_237@example.com,Customer Name 237,36,6554,20,1.2747619688349956,-1.4248733272708485,4,269.13,22.43,345,399,18,1,23.31,0,0,1,3,DE,male,web_display,mobile
user_121@example.com,Customer Name 121,58,5244,97,-0.6522539455356371,1.664509178045761,49,2395.87,199.66,1,1588,185,21,986.45,26,3,0,6,IT,male,social,tv
user_1073@example.com,Customer Name 1073,28,1443,24,0.5936458585714899,-1.1464516686189097,5,393.54,32.8,388,1751,22,0,105.85,28,8,1,3,DE,female,web_display,bundle
user_321@example.com,Customer Name 321,52,2654,62,0.30559927796235503,-1.9634658666525981,10,353.15,29.43,10,1696,213,5,1002.88,15,3,0,6,FR,female,sms,bundle
user_1152@example.com,Customer Name 1152,58,7620,19,-1.8030203445126496,1.2338161852074883,61,1747.11,145.59,19,1319,38,11,109.75999999999999,5,0,0,8,IT,female,web_display,mobile
user_1094@example.com,Customer Name 1094,43,5796,13,-0.8083900311872735,0.1526468927089697,53,2666.63,222.22,51,612,18,3,50.12,25,8,0,3,ES,female,push_app,tv
user_388@example.com,Customer Name 388,48,7712,80,-0.6320830186576287,0.5029228479708353,40,885.47,73.79,49,1292,105,19,642.12,16,5,0,9,IT,female,push_app,mobile
user_1022@example.com,Customer Name 1022,21,3056,76,0.7356493314122428,-1.0596973497691748,7,220.55,18.38,22,747,58,8,398.15999999999997,0,0,0,7,FR,female,web_display,internet
user_539@example.com,Customer Name 539,69,4724,104,1.2423242547536868,-0.5431976603597228,8,302.29,25.19,56,1056,147,36,472.13,28,8,0,10,FR,female,web_display,internet
user_26@example.com,Customer Name 26,50,2325,86,1.1708409375123625,1.0338343962373777,18,503.37,41.95,31,1139,118,2,542.02,5,0,0,6,ES,male,web_display,bundle
user_289@example.com,Customer Name 289,24,1997,117,2.2702628600958614,0.9204367307224955,18,687.58,57.3,37,787,53,15,193.04000000000002,0,0,0,8,DE,female,push_app,bundle
user_576@example.com,Customer Name 576,29,4576,116,0.49079704941255375,-1.3072788357588374,8,406.82,33.9,19,470,34,2,357.65999999999997,26,3,1,2,DE,male,push_app,internet
user_740@example.com,Customer Name 740,64,1009,103,2.415836279605038,0.1637556985777969,14,517.89,43.16,59,1475,157,41,826.34,12,3,0,8,ES,female,push_app,tv
user_716@example.com,Customer Name 716,56,838,87,-1.099438312560121,-1.8764196498179821,13,446.65,37.22,2,942,118,33,536.76,8,1,1,3,IT,female,sms,bundle
user_140@example.com,Customer Name 140,52,7657,81,-1.8965224055958516,1.1832524084351412,66,2333.38,194.45,27,714,73,2,363.95000000000005,8,3,0,4,ES,female,social,tv
user_615@example.com,Customer Name 615,56,4770,20,-1.7049824370643067,1.332857363077618,64,4922.09,410.17,57,1454,59,6,461.51,10,4,0,5,NL,female,web_display,mobile
user_1020@example.com,Customer Name 1020,24,4499,97,-0.08750438127893528,1.9405271148988676,59,3685.73,307.14,15,717,71,8,287.09000000000003,25,9,0,8,FR,female,sms,internet
user_4@example.com,Customer Name 4,32,4383,89,-0.5144206779651317,0.3855524136628091,39,725.9399999999999,60.5,44,266,33,5,138.85,23,1,0,10,NL,male,web_display,tv
user_507@example.com,Customer Name 507,29,6199,21,-0.553211459702877,-0.9327717485598402,3,142.41,11.87,17,1733,103,10,513.59,28,7,0,5,FR,male,sms,bundle
user_663@example.com,Customer Name 663,59,4934,44,-1.0236683525876549,1.757092506075574,49,1083.69,90.31,14,1105,112,18,259.24,16,6,0,10,ES,male,web_display,tv
user_266@example.com,Customer Name 266,43,5882,39,-0.16323307990170322,2.266632760970778,45,1111.94,92.66,25,1996,252,51,1289.74,2,0,0,8,ES,female,web_display,mobile
user_1071@example.com,Customer Name 1071,32,4043,15,0.05137112146432887,1.854066126177942,52,1301.58,108.46,126,1028,69,16,139.97,29,9,0,10,IT,male,web_display,bundle
user_742@example.com,Customer Name 742,33,4356,38,-1.9331768169699968,2.9751823266976785,55,4003.5900000000006,333.63,4,1901,36,9,115.16,11,2,0,10,ES,male,web_display,internet
user_268@example.com,Customer Name 268,36,5809,94,-1.49132953053633,3.49421096216503,51,2897.5899999999997,241.47,29,291,6,0,185.87,17,4,0,9,FR,female,web_display,tv
user_667@example.com,Customer Name 667,22,7029,51,-1.914904596152338,1.6233530257336315,57,913.53,76.13,9,433,21,1,333.19,29,4,0,9,IT,female,push_app,internet
user_806@example.com,Customer Name 806,50,2316,5,2.222381944264257,-0.6734489503869865,10,463.05,38.59,79,1668,144,2,570.46,17,0,0,8,ES,female,social,internet
user_286@example.com,Customer Name 286,47,3530,8,-0.5209234826698939,0.02382804378524228,9,188.91000000000003,15.74,59,1327,103,3,232.60000000000002,21,7,1,4,FR,male,social,tv
user_918@example.com,Customer Name 918,65,1581,27,0.729550962046634,-0.14498445254974002,17,1209.3300000000002,100.78,6,1136,41,10,148.25,4,1,0,1,NL,male,web_display,bundle
user_639@example.com,Customer Name 639,29,7760,38,1.64013822394908,-1.7116795562310736,5,136.96,11.41,373,1399,107,15,333.44,29,13,1,3,NL,male,push_app,bundle
user_767@example.com,Customer Name 767,55,1965,46,1.07858884557687,-0.6668244804031375,8,438.52,36.54,13,1418,187,20,481.53,6,1,1,1,ES,female,web_display,bundle
user_719@example.com,Customer Name 719,30,4387,44,0.4133106802455403,-1.1776614412034183,9,238.78,19.9,44,1742,121,24,369.61,14,3,1,1,IT,female,sms,mobile
user_609@example.com,Customer Name 609,66,1415,37,2.188628984293438,0.8916489838065844,15,601.27,50.11,43,917,15,4,273.36,17,4,0,6,FR,male,sms,tv
user_958@example.com,Customer Name 958,43,4702,4,-1.6857963807484904,-1.686125940805846,8,307.47,25.62,20,829,63,6,306.64,27,0,1,4,IT,other,social,bundle
user_1078@example.com,Customer Name 1078,52,6762,116,-1.7307622926542496,2.7779459779526254,62,4041.4700000000003,336.79,15,1216,54,14,376.56,8,0,0,9,FR,female,web_display,bundle
user_158@example.com,Customer Name 158,49,4213,35,-1.961843878258617,1.3564959000803825,52,3005.71,250.48,49,1834,172,21,530.12,14,5,0,6,IT,female,social,tv
user_1001@example.com,Customer Name 1001,40,4294,51,-0.9893160310506062,1.2867876334067758,58,987.28,82.27,31,1070,55,9,262.97,20,0,0,10,NL,male,push_app,tv
user_711@example.com,Customer Name 711,56,7033,27,-1.0843856516887285,2.6106149532135445,47,1726.6100000000001,143.88,27,589,57,11,251.01999999999998,1,0,0,9,FR,male,web_display,internet
user_786@example.com,Customer Name 786,37,1933,60,1.7546520713364244,0.9877479992827771,18,787.29,65.61,21,611,85,6,254.65,26,12,0,2,NL,male,push_app,tv
user_287@example.com,Customer Name 287,59,7238,41,-0.6180260936577591,0.13162436749281425,51,3592.17,299.35,25,710,89,0,423.41999999999996,9,3,0,3,ES,male,push_app,mobile
user_709@example.com,Customer Name 709,36,7748,79,-1.5250332344388962,-0.31560634125096554,6,276.85,23.07,17,1727,22,1,218.43,12,0,1,2,ES,female,sms,internet
user_394@example.com,Customer Name 394,40,1541,31,0.6110249641813097,0.34940333855690564,13,548.81,45.73,25,1910,236,20,1303.4,24,9,0,10,IT,female,social,mobile
user_897@example.com,Customer Name 897,32,4363,22,-1.5210327765651699,1.800673804972706,52,940.14,78.34,47,1242,101,17,605.34,10,0,0,9,IT,female,social,internet
user_572@example.com,Customer Name 572,60,6440,50,-0.6267166362826482,1.035744486256901,30,1208.46,100.71,62,1229,134,8,272.16,6,1,0,8,FR,female,web_display,mobile
user_214@example.com,Customer Name 214,41,2492,120,0.8318455784414494,-0.3928852447162788,9,247.5,20.62,163,1493,181,20,104.81,24,5,0,1,IT,female,sms,internet
user_579@example.com,Customer Name 579,19,5871,111,-0.733804522924288,2.297078000161843,34,1659.7299999999998,138.31,12,1591,159,28,878.97,4,1,0,8,FR,male,sms,bundle
user_1106@example.com,Customer Name 1106,61,816,6,0.9235212121817331,0.4500040279969775,21,791.3699999999999,65.95,6,273,33,1,242.97,2,0,0,1,ES,female,web_display,mobile
user_1101@example.com,Customer Name 1101,29,3405,40,0.5451591532294844,-0.5884789325060429,11,308.57,25.71,8,498,64,13,471.07,11,2,1,2,IT,female,push_app,bundle
user_510@example.com,Customer Name 510,68,6502,84,-1.970897396016019,0.8771993013478366,33,2607.76,217.31,6,955,101,9,498.46000000000004,11,2,0,8,IT,female,web_display,bundle
user_863@example.com,Customer Name 863,67,2125,88,2.1601260645010036,0.7595365191316377,15,586.3599999999999,48.86,7,1881,170,44,331.52,28,11,0,10,ES,female,social,mobile
user_117@example.com,Customer Name 117,50,1055,66,1.8646333121172896,-0.05965125587837472,18,924.8399999999999,77.07,19,1008,52,6,288.76,23,11,0,6,ES,female,web_display,mobile
user_675@example.com,Customer Name 675,29,5559,102,-1.454171975648679,1.3000521801248803,41,1786.85,148.9,4,943,130,16,921.27,10,2,0,10,ES,male,sms,tv
user_946@example.com,Customer Name 946,39,7799,45,0.44033012595652077,-0.5272821696360395,10,391.32,32.61,9,1413,73,15,449.42999999999995,9,3,0,1,FR,female,social,tv
user_1125@example.com,Customer Name 1125,21,4396,52,-0.3661325317079122,2.077143913263211,26,737.2099999999999,61.43,12,814,55,10,120.96000000000001,14,4,0,8,DE,other,push_app,tv
user_692@example.com,Customer Name 692,54,1637,100,0.8104324600999007,0.7221675038546638,25,782.5600000000001,65.21,11,1388,69,4,270.85,19,8,0,9,IT,female,social,mobile
user_498@example.com,Customer Name 498,57,2466,33,1.7652676154048963,1.2798264567140463,21,791.39,65.95,23,1243,177,39,633.0600000000001,12,5,0,2,NL,male,sms,mobile
user_1115@example.com,Customer Name 1115,59,1673,67,0.8580303316211152,-0.13594736352040138,5,97.51,8.13,65,342,9,1,25.06,12,0,0,4,IT,female,social,mobile
user_486@example.com,Customer Name 486,54,5641,66,-0.05708140782934764,-1.2495778549473036,7,171.74,14.31,27,1767,84,8,367.67,8,2,0,3,ES,male,social,mobile
user_518@example.com,Customer Name 518,66,1803,90,0.3724130569741469,0.7647196297561283,18,1376.7,114.72,13,949,50,4,314.73,11,4,0,6,FR,female,social,tv
user_1042@example.com,Customer Name 1042,65,1664,9,1.021348884430264,0.3247729158584106,7,547.0,45.58,78,330,38,7,185.05,20,5,0,4,ES,male,push_app,tv
user_164@example.com,Customer Name 164,47,6268,68,-1.083522257696706,-2.288279870769309,6,265.54,22.13,40,1994,84,3,327.9,2,0,1,2,NL,male,web_display,internet
user_433@example.com,Customer Name 433,37,5386,52,-0.5523540465195893,2.444857583988554,40,1570.91,130.91,53,1685,229,43,719.3,29,3,0,9,ES,male,web_display,bundle
user_508@example.com,Customer Name 508,43,1391,72,1.3370918643249174,0.35529007070521135,9,604.42,50.37,59,769,69,17,214.04000000000002,18,5,0,6,ES,female,social,bundle
user_536@example.com,Customer Name 536,22,2383,115,1.2532914653078036,-0.5112525086141166,9,268.3,22.36,157,459,21,4,70.17,3,1,0,3,DE,female,sms,internet
user_627@example.com,Customer Name 627,58,2052,76,0.9657635013355084,-1.7976591649306541,6,353.23,29.44,48,1764,232,55,370.67,15,4,0,1,ES,female,push_app,mobile
user_29@example.com,Customer Name 29,61,2293,29,0.40326192044952325,-1.2123983554619535,8,211.38,17.61,7,343,35,6,288.09,11,0,1,2,FR,male,social,tv
user_593@example.com,Customer Name 593,58,2133,70,-1.5518892002457063,-1.7809225660558696,3,157.66,13.14,19,1229,159,6,362.84000000000003,27,10,1,4,ES,female,social,internet
user_973@example.com,Customer Name 973,25,6457,112,-0.625870645505689,2.2550485482938694,52,2568.76,214.06,10,520,25,1,167.17000000000002,6,2,0,9,FR,female,sms,bundle
user_162@example.com,Customer Name 162,49,2232,24,1.0877650801168377,0.28232039682644083,14,196.62,16.39,37,1192,112,14,419.94,27,6,0,8,IT,male,social,internet
user_861@example.com,Customer Name 861,51,4879,45,-1.1833653453704591,1.5983727368503038,37,1079.84,89.99,8,1819,36,10,100.4,15,0,0,8,ES,female,social,bundle
user_987@example.com,Customer Name 987,62,4490,95,-1.2244563497320837,2.1522124572943024,55,2038.12,169.84,15,1911,192,41,755.81,10,1,0,8,FR,female,social,internet
user_503@example.com,Customer Name 503,22,903,104,2.111134949583068,0.6792428767520856,19,1140.66,95.06,50,545,81,14,278.09000000000003,22,4,0,8,ES,male,sms,internet
user_773@example.com,Customer Name 773,53,2015,89,1.5379730795755358,0.11208180360868447,14,254.67000000000002,21.22,38,432,38,9,272.88,13,4,0,7,NL,male,push_app,bundle
user_751@example.com,Customer Name 751,64,5685,15,-0.4157433502818927,3.525493860011493,33,1369.5700000000002,114.13,29,1236,14,3,247.18,5,1,0,8,FR,male,sms,tv
user_1005@example.com,Customer Name 1005,34,6906,46,-1.4327026242558563,1.1005837266430472,44,3036.15,253.01,77,1918,49,1,97.11,25,4,0,10,DE,male,social,bundle
user_448@example.com,Customer Name 448,39,2212,49,0.2974157137954281,0.7672699759565341,29,564.4100000000001,47.03,28,178,10,1,268.31,11,3,0,9,NL,male,social,internet
user_39@example.com,Customer Name 39,61,6201,103,1.1238774881573315,0.20125483180244472,11,662.0699999999999,55.17,13,1166,65,3,425.76,24,1,0,5,FR,male,push_app,internet
user_841@example.com,Customer Name 841,34,4305,111,-0.6073813975521352,1.0892463528490262,45,877.17,73.1,8,551,29,0,353.11,6,0,0,4,IT,female,social,tv
user_1031@example.com,Customer Name 1031,37,4660,113,-0.19335710954241775,2.114768420354755,32,1057.11,88.09,29,1101,49,12,149.43,7,0,0,10,FR,female,sms,bundle
user_58@example.com,Customer Name 58,64,4221,14,-0.397930105429398,0.6212253481540273,31,885.73,73.81,168,936,65,9,124.19,19,2,0,2,IT,male,push_app,tv
user_840@example.com,Customer Name 840,36,7407,116,-1.2103812252187032,0.9968527015127674,49,1315.5700000000002,109.63,35,1400,197,21,520.81,22,10,0,10,FR,female,web_display,mobile
user_980@example.com,Customer Name 980,31,2317,6,1.756507911225092,0.10825782626685221,13,1011.72,84.31,107,1622,39,10,140.04,10,0,0,2,NL,male,web_display,internet
user_417@example.com,Customer Name 417,50,5175,31,-1.438328043153405,1.7349810518400683,56,2652.77,221.06,13,733,22,2,137.75,5,0,0,8,ES,female,web_display,internet
user_636@example.com,Customer Name 636,36,4037,63,-1.341194752145467,1.9105818723648957,44,1717.14,143.1,50,944,71,8,666.1,24,11,0,9,IT,female,web_display,mobile
user_73@example.com,Customer Name 73,21,964,29,0.5876517767790095,-0.6100038471133059,15,596.95,49.75,2,333,31,9,186.32,3,0,0,7,NL,female,sms,bundle
user_827@example.com,Customer Name 827,23,6020,105,-0.7975696662585372,1.9649266734785331,37,1710.79,142.57,156,456,42,11,92.65,7,2,0,9,ES,female,social,mobile
user_982@example.com,Customer Name 982,45,7153,42,-0.6334828431881808,-0.7020074608833559,10,356.07,29.67,23,1410,132,37,517.76,9,4,1,3,NL,male,web_display,bundle
user_874@example.com,Customer Name 874,32,6358,47,-0.33053333924421696,1.3164297132823581,55,939.88,78.32,18,1104,128,16,719.21,7,1,0,10,ES,male,web_display,internet
user_1135@example.com,Customer Name 1135,62,7465,74,-0.03119133855978795,2.4502523146173285,60,4332.78,361.06,90,1863,52,2,112.35,1,0,0,9,IT,female,web_display,tv
user_183@example.com,Customer Name 183,45,6828,75,-1.0126565211209355,1.9129483834069785,59,2800.64,233.39,17,892,30,2,220.93,18,5,0,8,ES,female,social,bundle
user_108@example.com,Customer Name 108,61,2383,74,1.4502649264589502,0.2629483166126928,19,401.18,33.43,21,950,99,1,202.26999999999998,10,4,0,6,ES,female,sms,tv
user_11@example.com,Customer Name 11,28,6988,83,-0.057228260503471406,2.170608552724314,57,2974.25,247.85,33,1386,30,3,264.39,1,0,0,9,ES,female,social,mobile
user_505@example.com,Customer Name 505,46,1020,6,1.324774488761358,-0.3048839372629549,20,578.64,48.22,58,288,34,6,226.38,11,5,0,5,DE,female,web_display,bundle
user_345@example.com,Customer Name 345,34,1438,33,1.4708292143982031,1.1263098646987655,16,980.3,81.69,3,1261,72,14,69.68,25,5,0,6,DE,female,social,tv
user_727@example.com,Customer Name 727,18,1666,62,1.4052453865772092,0.9722003689918273,18,695.13,57.93,1,1783,45,1,632.35,15,2,0,1,ES,female,web_display,tv
user_907@example.com,Customer Name 907,27,6089,16,-0.028316365481052846,-2.230836430091803,1,43.28,3.61,332,1965,137,24,611.2,21,2,0,5,FR,male,sms,bundle
user_491@example.com,Customer Name 491,18,1751,43,0.9265561644790136,-0.15176123637091843,15,505.66999999999996,42.14,37,1047,129,35,593.81,18,4,0,6,ES,male,push_app,internet
user_368@example.com,Customer Name 368,22,3003,86,-1.2750527697383456,-1.3683471479859362,12,575.9,47.99,1,707,18,0,235.28999999999996,17,0,1,1,NL,female,social,internet
user_805@example.com,Customer Name 805,22,2053,86,2.0498809281546153,-0.2937164273206731,12,545.27,45.44,55,451,16,0,354.16999999999996,5,0,0,6,IT,male,web_display,tv
user_177@example.com,Customer Name 177,39,2336,77,1.574284382480718,1.1898683505325585,28,1349.57,112.46,14,1980,176,5,964.9,2,0,0,7,IT,female,sms,bundle
user_759@example.com,Customer Name 759,33,4381,34,-0.8055703359179209,2.7014162150308323,61,2631.4900000000002,219.29,13,1180,176,32,1059.31,25,2,0,8,NL,female,web_display,mobile
user_735@example.com,Customer Name 735,23,1901,41,1.3017706771749482,0.02222458708178693,20,1031.42,85.95,56,1784,142,41,978.2099999999999,23,0,0,5,IT,female,sms,mobile
user_1129@example.com,Customer Name 1129,67,1981,33,-0.8077851629764361,-1.767017919770297,5,317.73,26.48,353,1575,144,32,639.91,25,8,1,4,IT,male,web_display,tv
user_145@example.com,Customer Name 145,18,7135,22,0.007689378615070699,1.79236262361235,51,3812.36,317.7,25,1859,48,9,271.36,14,5,0,10,NL,male,social,mobile
user_713@example.com,Customer Name 713,27,2433,66,0.7123098090086497,1.1145828809953842,29,2124.37,177.03,5,738,48,12,707.5,12,1,0,10,DE,female,web_display,internet
user_1150@example.com,Customer Name 1150,62,2486,54,0.5027999229527338,0.3018923861852083,11,149.39,12.45,65,251,20,3,29.86,17,8,0,1,FR,female,sms,internet
user_951@example.com,Customer Name 951,58,7411,33,-1.4314014079146868,1.8530038853034263,38,1261.3700000000001,105.11,8,1825,65,3,83.6,3,0,0,8,FR,male,sms,bundle
user_459@example.com,Customer Name 459,54,1860,19,0.8476859600132604,0.4460238314990178,18,781.72,65.14,47,1634,24,0,77.89,0,0,0,10,NL,female,web_display,mobile
user_115@example.com,Customer Name 115,52,1902,20,1.0408584783211103,-0.6223578246133615,11,326.76,27.23,131,1100,28,5,89.76,10,4,0,1,NL,female,web_display,tv
user_687@example.com,Customer Name 687,67,2321,71,-1.3778371086889298,-0.2622862749339795,13,565.55,47.13,10,937,17,1,408.68000000000006,21,2,1,1,DE,female,push_app,mobile
user_1009@example.com,Customer Name 1009,32,1008,22,2.331039665155245,0.26944577770766753,10,545.5400000000001,45.46,14,646,89,15,468.73,28,8,0,7,IT,male,sms,internet
user_445@example.com,Customer Name 445,19,4100,7,-0.06730924928654233,-0.7178133731566163,6,286.3,23.86,16,1236,151,17,609.88,24,3,1,2,FR,male,sms,mobile
user_785@example.com,Customer Name 785,50,4572,46,-1.7636656685110264,0.5000488844219366,46,1406.51,117.21,18,663,86,19,482.52000000000004,12,3,0,10,FR,male,social,internet
user_410@example.com,Customer Name 410,19,1055,55,1.033542860990842,-0.5941829990676464,15,1150.05,95.84,52,1848,44,7,252.52,1,0,0,4,FR,female,sms,bundle
user_80@example.com,Customer Name 80,53,948,66,2.1089484355263894,0.9507378446469548,10,707.25,58.94,24,1501,112,11,806.7600000000001,14,3,0,6,IT,male,web_display,tv
user_1002@example.com,Customer Name 1002,32,7780,90,-0.9174569364985854,2.403794156572215,41,1412.0,117.67,14,1218,125,9,228.29,1,0,0,9,IT,female,social,bundle
user_472@example.com,Customer Name 472,64,7372,3,-1.1226266718922209,0.2905302921610463,35,1946.75,162.23,32,1634,228,33,545.98,6,0,0,8,NL,male,web_display,mobile
user_1139@example.com,Customer Name 1139,68,7253,52,-1.21617972321298,2.5215434898988054,40,2081.93,173.49,14,1360,190,18,514.66,26,4,0,8,ES,male,social,tv
user_371@example.com,Customer Name 371,21,1766,39,0.33544597497140805,-1.419216649733292,8,409.75,34.15,29,1872,199,11,291.21000000000004,21,2,0,5,DE,female,social,tv
user_1004@example.com,Customer Name 1004,60,4459,23,1.5302273071521237,-1.4696960009400273,1,42.53,3.54,214,1805,164,29,510.46,4,1,0,3,ES,female,social,bundle
user_998@example.com,Customer Name 998,62,6175,101,-2.1523648787329583,1.0462165001223624,46,1982.53,165.21,20,853,10,0,357.62,29,2,0,2,DE,female,push_app,mobile
user_1148@example.com,Customer Name 1148,51,7858,81,-0.9339066581757519,1.556402645556217,42,1288.68,107.39,85,403,22,0,68.53,3,1,0,8,IT,female,push_app,bundle
user_499@example.com,Customer Name 499,62,5800,107,-0.2178146449602358,-1.4031783012277834,8,243.85000000000002,20.32,23,1959,293,0,744.8299999999999,9,0,0,10,ES,female,push_app,internet
user_250@example.com,Customer Name 250,69,7562,63,-1.2224047341388145,2.5944882978299297,38,1293.71,107.81,1,1792,144,41,497.41999999999996,8,0,0,9,FR,female,sms,mobile
user_1072@example.com,Customer Name 1072,65,1079,99,1.8102279278884896,0.6439350370373108,21,819.27,68.27,4,1571,53,12,159.11,17,5,0,9,ES,male,web_display,bundle
user_557@example.com,Customer Name 557,41,4461,30,-0.8383594740560266,0.6561606136788124,47,1041.83,86.82,49,1906,126,4,213.82,14,1,0,4,ES,male,web_display,internet
user_532@example.com,Customer Name 532,47,6887,91,-1.204941780860707,2.815719408567962,46,1030.3200000000002,85.86,7,1128,55,9,382.46999999999997,3,0,0,10,ES,male,push_app,mobile
user_8@example.com,Customer Name 8,56,5731,100,-1.1195141876699324,0.5721052817904093,46,2077.33,173.11,98,1331,24,6,54.73,16,7,0,9,ES,female,social,mobile
user_447@example.com,Customer Name 447,40,5255,88,-1.0625446396573,1.7052432554611996,53,3161.49,263.46,138,1159,139,18,162.05,2,0,0,10,DE,female,push_app,internet
user_1047@example.com,Customer Name 1047,41,6308,89,-1.1421362027686055,2.1062089480779846,63,3536.8799999999997,294.74,21,1062,111,32,608.4,28,11,0,10,DE,other,social,tv
user_905@example.com,Customer Name 905,27,1129,38,2.268533042932066,-0.30570739794957846,10,570.02,47.5,6,486,48,14,243.49,18,7,0,3,IT,male,web_display,tv
user_381@example.com,Customer Name 381,52,2524,113,1.7032140484165383,-1.1299686919603138,5,120.24,10.02,45,221,24,0,114.03999999999999,11,0,1,2,NL,male,push_app,mobile
user_775@example.com,Customer Name 775,25,5729,4,-1.6029667503028824,1.6253862291487462,39,878.9100000000001,73.24,52,1521,49,4,477.62,27,8,0,8,FR,female,web_display,bundle
user_10@example.com,Customer Name 10,40,1535,6,2.3148540751727733,-0.01770333657726708,17,204.17999999999998,17.01,56,1394,108,17,356.98,16,4,0,10,NL,female,push_app,internet
user_976@example.com,Customer Name 976,69,6388,82,-0.24686487945587338,0.43171922725734346,37,2935.48,244.62,125,404,10,1,36.72,10,3,0,10,ES,other,social,internet
user_730@example.com,Customer Name 730,45,4219,70,-1.0908951938762064,3.209107709999377,50,1924.8,160.4,8,1977,174,49,315.22999999999996,3,0,0,8,FR,female,sms,mobile
user_1061@example.com,Customer Name 1061,50,2551,111,0.4148604263257895,-0.5787066309746217,3,128.03,10.67,28,990,45,12,216.39000000000001,20,0,0,2,IT,female,web_display,bundle
user_320@example.com,Customer Name 320,37,4301,120,-1.6490612961771984,1.0191500195920593,34,843.0899999999999,70.26,15,1452,78,6,365.22,16,7,0,10,IT,male,web_display,bundle
user_757@example.com,Customer Name 757,18,2222,46,1.2241975425866058,0.9560410236932257,26,1381.22,115.1,18,292,43,6,560.95,9,1,0,3,FR,male,web_display,internet
user_1039@example.com,Customer Name 1039,29,891,11,0.6070059788773472,0.09674372810722115,15,793.52,66.13,17,155,12,1,150.34,15,1,0,2,ES,other,social,tv
user_896@example.com,Customer Name 896,41,5420,80,-0.15590447481793912,1.045957232232093,49,759.21,63.27,31,617,70,0,271.97,13,0,0,1,IT,male,push_app,tv
user_577@example.com,Customer Name 577,48,3666,110,-0.26265261616869284,-1.2671647118803122,11,513.87,42.82,46,1223,133,18,501.48,15,0,1,1,ES,female,web_display,mobile
user_169@example.com,Customer Name 169,32,2430,116,1.2877849996604722,0.2791185668586228,7,385.59000000000003,32.13,38,1075,28,0,65.28,12,3,0,6,FR,male,push_app,bundle
user_816@example.com,Customer Name 816,39,853,86,-0.5578600552960936,-2.9792762950290648,7,335.93,27.99,31,133,4,1,229.8,2,0,1,2,ES,male,social,internet
user_809@example.com,Customer Name 809,49,1736,111,0.5834955067294122,-1.867186242718743,6,232.57999999999998,19.38,26,1619,38,8,312.85,10,3,1,3,FR,female,push_app,bundle
user_1162@example.com,Customer Name 1162,58,4383,98,-1.6948370837789637,1.3483994793429952,59,1110.23,92.52,1,466,69,7,268.77,9,4,0,3,ES,male,web_display,tv
user_217@example.com,Customer Name 217,66,1811,14,0.36229426801913556,0.5700624995986028,25,1489.35,124.11,20,880,64,14,512.1,12,0,0,10,DE,female,push_app,internet
user_153@example.com,Customer Name 153,32,4111,99,-1.8056098347293394,1.9834173387159841,36,1514.1,126.18,30,135,10,2,384.37,21,8,0,9,FR,female,social,bundle
user_1185@example.com,Customer Name 1185,63,7767,63,-0.8574570246460851,2.8466933598453354,33,1544.7399999999998,128.73,19,1931,46,0,166.82999999999998,18,5,0,9,FR,other,sms,internet
user_397@example.com,Customer Name 397,35,4176,37,1.2240191820064967,-2.3106159833826796,10,401.15999999999997,33.43,1,1528,136,21,438.11,27,4,1,4,NL,female,web_display,mobile
user_192@example.com,Customer Name 192,56,7113,52,-0.03854771714411448,2.106216686923883,64,2518.26,209.86,23,1316,85,16,532.0699999999999,23,4,0,9,IT,female,social,tv
user_1169@example.com,Customer Name 1169,18,4084,29,-0.32041933665322,2.1531244965426932,32,1895.76,157.98,147,1618,219,11,815.41,24,4,0,9,NL,male,sms,tv
user_57@example.com,Customer Name 57,45,5451,26,-0.21020250815486485,1.8442193026049432,55,2035.1299999999999,169.59,37,1950,87,11,289.42,12,5,0,9,ES,female,sms,internet
user_555@example.com,Customer Name 555,44,5861,68,0.14483099250895007,0.8444298224815732,59,3584.63,298.72,126,1173,78,12,81.84,26,3,0,9,FR,female,sms,bundle
user_991@example.com,Customer Name 991,24,2092,105,0.9982842315065905,-0.467111170616543,10,737.19,61.43,78,725,32,7,38.56,26,9,0,10,FR,female,sms,bundle
user_206@example.com,Customer Name 206,50,2315,28,1.5238918219674351,-0.04612152787941526,8,319.74,26.65,153,388,17,3,32.85,26,0,0,8,NL,female,social,mobile
user_1173@example.com,Customer Name 1173,21,7242,57,-0.19983820807592712,1.5847403367777393,31,329.54,27.46,56,565,10,0,44.83,10,4,0,8,FR,female,sms,tv
user_1044@example.com,Customer Name 1044,25,5041,4,-1.6848633097187466,2.3803986563461326,52,2806.8,233.9,120,1275,174,2,587.11,16,5,0,9,FR,female,sms,bundle
user_354@example.com,Customer Name 354,55,5185,12,-0.47251997873254226,-0.0399329967273081,45,1141.8,95.15,137,1459,189,8,730.31,23,1,0,10,ES,male,push_app,bundle
user_144@example.com,Customer Name 144,20,4477,94,0.8184841043260326,-0.023381177452566376,9,484.32,40.36,1,879,76,7,568.38,21,4,1,1,IT,male,push_app,mobile
user_435@example.com,Customer Name 435,25,5208,121,-1.5535999414487176,-1.7765163929929773,6,264.9,22.08,59,1420,72,9,375.16,2,0,0,6,NL,male,web_display,internet
user_453@example.com,Customer Name 453,66,1697,92,0.9126419399670903,0.10808411431420939,7,336.76,28.06,14,1652,71,0,334.1,15,7,0,6,DE,female,web_display,tv
user_822@example.com,Customer Name 822,58,4734,86,-0.043487805892708495,2.8407005980977567,48,2402.1499999999996,200.18,18,447,13,0,264.47,20,4,0,8,NL,male,sms,bundle
user_319@example.com,Customer Name 319,57,1673,64,2.046123007378935,0.7189415991759953,15,971.25,80.94,27,1954,218,24,1137.61,29,2,0,9,FR,male,sms,tv
user_856@example.com,Customer Name 856,45,932,84,1.3868626476719776,0.8537441228999221,11,318.95,26.58,143,1086,42,12,71.17,26,0,0,10,ES,female,web_display,mobile
user_1157@example.com,Customer Name 1157,63,939,99,0.9976205561535907,-0.17643972255858797,8,318.12,26.51,12,310,9,2,83.45,25,6,1,3,DE,other,web_display,internet
user_1149@example.com,Customer Name 1149,33,2419,79,1.1751921229741837,0.13287798343269552,6,329.46,27.45,55,395,13,2,16.03,0,0,0,10,ES,female,social,bundle
user_256@example.com,Customer Name 256,33,7634,9,-1.9210219803570896,2.2447660347970726,56,678.75,56.56,172,536,36,1,166.6,6,1,0,8,NL,male,sms,mobile
user_393@example.com,Customer Name 393,49,2497,28,1.0426001772039086,0.8395864364236436,11,430.58,35.88,9,1240,138,5,536.0,14,0,0,9,ES,female,web_display,internet
user_811@example.com,Customer Name 811,66,1872,94,2.6264956640138797,-0.0737755339948088,13,718.22,59.85,32,1505,173,12,792.78,7,3,0,7,ES,female,social,bundle
user_547@example.com,Customer Name 547,21,1388,68,0.8654199828717177,-0.4299300999758589,15,618.93,51.58,132,1634,161,42,160.21,6,0,0,3,ES,male,social,tv
user_943@example.com,Customer Name 943,35,6851,8,-1.5602755311906646,2.949643196944464,37,1008.27,84.02,37,489,22,1,374.20000000000005,22,0,0,8,NL,male,social,bundle
user_96@example.com,Customer Name 96,42,6564,102,-0.4635428301007351,-0.5186335086587684,6,196.18,16.35,18,122,6,1,98.32,24,1,0,2,NL,male,push_app,bundle
user_986@example.com,Customer Name 986,19,6376,54,-1.7715543808071668,2.5346576743928892,39,1495.01,124.58,30,1395,106,3,491.83,22,10,0,10,FR,male,web_display,bundle
user_323@example.com,Customer Name 323,42,5207,16,-1.184525919326725,1.9177889680401314,61,1363.18,113.6,11,936,60,15,308.25,23,9,0,10,FR,male,sms,internet
user_891@example.com,Customer Name 891,68,4521,68,-0.2687534407451639,2.790801351587933,41,1201.7099999999998,100.14,21,674,21,3,168.61,11,3,0,9,FR,female,social,tv
user_239@example.com,Customer Name 239,61,1190,24,0.811560767739873,1.5968916767129406,16,789.27,65.77,22,458,48,2,530.89,12,3,0,4,FR,male,web_display,bundle
user_869@example.com,Customer Name 869,47,1453,113,2.253555228885748,-0.6826424791872157,17,493.25,41.1,35,630,56,3,266.33,11,1,0,6,ES,male,push_app,mobile
user_61@example.com,Customer Name 61,25,1370,110,2.049939754647016,0.2968331244393564,24,1272.77,106.06,9,1758,126,12,446.84,6,1,0,5,ES,male,push_app,internet
user_137@example.com,Customer Name 137,44,3632,78,0.7388194026668454,-1.278723099865124,6,343.91999999999996,28.66,7,1470,17,4,190.4,23,9,0,1,FR,male,social,tv
user_807@example.com,Customer Name 807,18,2236,18,2.1288378312105833,0.34126625378186937,14,687.38,57.28,12,1896,139,9,813.33,24,10,0,8,FR,male,web_display,mobile
user_876@example.com,Customer Name 876,38,1451,32,0.5564131394543181,0.8709700061928014,16,814.73,67.89,140,1996,264,3,814.35,8,0,0,9,FR,male,social,mobile
user_1007@example.com,Customer Name 1007,31,1096,100,2.476631086507438,-0.5580326111005833,11,698.94,58.25,91,299,17,4,66.83,13,2,0,7,ES,female,push_app,internet
user_1197@example.com,Customer Name 1197,23,1083,53,1.4836005120885845,0.6716556346348165,17,1078.44,89.87,5,265,4,0,215.27,15,1,0,3,FR,female,push_app,bundle
user_722@example.com,Customer Name 722,37,1737,43,1.9337859710532388,0.5243729853939838,16,693.33,57.78,31,161,12,2,169.2,13,4,0,2,DE,male,social,internet
user_1103@example.com,Customer Name 1103,26,3887,79,-1.0969876586990748,-0.41742657142296846,7,458.52,38.21,17,1379,57,3,489.25,25,7,1,2,DE,female,web_display,bundle
user_236@example.com,Customer Name 236,18,4630,72,-1.4933191366858722,2.565975329880583,60,3247.02,270.58,58,1321,158,39,278.43,6,0,0,10,ES,male,web_display,mobile
user_70@example.com,Customer Name 70,19,7013,55,-1.458819245687898,0.7795642357652338,62,3539.7,294.97,15,1823,86,14,125.88,2,0,0,6,ES,male,social,bundle
user_573@example.com,Customer Name 573,61,3867,89,-1.329814381754909,-0.9664428168179693,13,562.17,46.85,5,196,7,0,282.34,29,4,0,9,NL,female,web_display,mobile
user_25@example.com,Customer Name 25,38,2116,80,0.5318866183687825,0.5814846967239053,23,1692.95,141.08,2,200,18,2,200.41,22,9,0,3,FR,male,social,internet
user_213@example.com,Customer Name 213,49,6230,84,0.28439603585454937,1.9185282790607021,43,3094.1,257.84,14,1934,84,9,247.68,25,10,0,9,ES,female,web_display,bundle
user_1178@example.com,Customer Name 1178,45,7378,115,-1.347175319301744,0.7056306234693839,27,1537.01,128.08,65,362,26,7,127.13,14,2,0,4,ES,female,push_app,internet
user_265@example.com,Customer Name 265,36,6038,22,-0.6120158308704375,0.40758978163504533,39,926.6,77.22,15,1048,88,12,421.92,4,1,0,8,ES,female,web_display,mobile
user_1030@example.com,Customer Name 1030,60,1051,36,0.7373453387524387,-0.007109273974541086,12,417.89,34.82,19,579,9,2,202.83,1,0,0,10,FR,male,sms,mobile
user_787@example.com,Customer Name 787,30,2148,38,1.4427706713637383,0.7410213024531365,25,1369.85,114.15,12,1954,245,22,1591.31,17,1,0,6,ES,male,web_display,mobile
user_1015@example.com,Customer Name 1015,51,6001,33,0.10002180024587659,1.875968211831979,44,3201.25,266.77,139,667,54,15,244.7,26,2,0,10,FR,male,push_app,bundle
user_877@example.com,Customer Name 877,31,2234,90,1.5185471826095078,1.4762443256147775,18,271.9,22.66,31,1839,158,31,680.68,24,5,0,7,ES,male,push_app,internet
user_9@example.com,Customer Name 9,36,7127,31,-1.3529155061248948,1.2221311325540911,52,3017.85,251.49,58,823,32,7,230.88,17,0,0,4,ES,male,web_display,internet
user_908@example.com,Customer Name 908,34,2138,67,1.2979255448843625,0.5408022982994614,11,852.65,71.05,35,1493,84,15,451.66999999999996,9,1,0,10,DE,female,social,bundle
user_374@example.com,Customer Name 374,34,2093,78,1.482761522387279,1.7037884071171017,19,1236.06,103.0,14,291,39,0,341.99,7,0,0,8,ES,female,push_app,bundle
user_165@example.com,Customer Name 165,54,4105,40,-0.2860714814566001,2.327415740615394,51,2991.41,249.28,17,465,7,1,220.91000000000003,7,2,0,10,ES,male,web_display,bundle
user_608@example.com,Customer Name 608,52,7090,30,-0.13144994902791085,1.4470376408244399,59,1765.44,147.12,77,110,5,0,4.45,1,0,0,10,IT,male,web_display,internet
user_1021@example.com,Customer Name 1021,50,1260,91,2.2807116764574578,0.6468492936622914,7,123.4,10.28,19,695,74,7,200.52,23,6,0,10,FR,female,sms,internet
user_41@example.com,Customer Name 41,20,4314,86,-0.33580997129078327,-1.1473567693724818,3,148.02,12.33,333,917,129,26,172.42,19,6,1,1,NL,male,push_app,bundle
user_717@example.com,Customer Name 717,20,2340,20,2.0242034016167407,0.6953786175744607,9,340.65999999999997,28.39,25,434,61,7,149.73,12,1,0,6,ES,male,web_display,mobile
user_853@example.com,Customer Name 853,57,2399,25,1.9564953828266174,0.5409052370840745,16,546.68,45.56,5,810,45,8,369.0,19,6,0,7,NL,male,web_display,tv
user_1069@example.com,Customer Name 1069,63,4383,23,-1.9666197705850113,1.8729996568850578,39,2254.93,187.91,7,484,48,7,247.08,11,4,0,10,DE,male,sms,internet
user_19@example.com,Customer Name 19,19,1577,31,1.5831950852456482,1.3643001548831415,14,279.32,23.28,48,821,120,21,298.41,23,0,0,4,FR,female,sms,tv
user_463@example.com,Customer Name 463,61,4707,106,-0.5649096592861946,2.940462260493597,58,1004.65,83.72,16,1525,73,18,345.84000000000003,5,1,0,8,ES,female,social,tv
user_426@example.com,Customer Name 426,67,6737,46,-0.9519332660195629,1.3257658603451938,35,2336.4300000000003,194.7,34,234,23,1,185.73999999999998,23,0,0,9,FR,male,sms,bundle
user_1079@example.com,Customer Name 1079,26,5503,120,0.0954639249443594,1.527368968029194,33,1458.63,121.55,87,620,65,4,129.29,29,13,0,8,DE,female,push_app,mobile
user_151@example.com,Customer Name 151,26,7766,99,-0.7666813966969112,1.9848387118166624,36,1127.8200000000002,93.99,55,615,11,2,158.87,26,7,0,10,DE,female,push_app,mobile
user_712@example.com,Customer Name 712,44,5355,4,-1.2458206583704106,2.206318224390005,63,1732.5300000000002,144.38,25,1526,226,48,1030.06,8,3,0,8,ES,male,push_app,mobile
user_605@example.com,Customer Name 605,54,1815,29,2.5745306572581352,0.4850283189296791,12,642.9,53.58,43,788,35,6,472.95,27,2,0,7,FR,male,social,internet
user_1076@example.com,Customer Name 1076,53,7070,90,-0.4282715065678289,1.5735653272394714,51,1471.11,122.59,12,753,58,13,286.43,29,10,0,5,NL,female,social,mobile
user_601@example.com,Customer Name 601,42,2476,114,2.493259182981171,-0.6978112047950698,15,824.42,68.7,76,1582,128,12,331.63,1,0,0,1,FR,female,push_app,mobile
user_1019@example.com,Customer Name 1019,57,5832,97,-1.200355828133777,-1.414625922331036,4,175.98,14.66,8,1729,259,41,474.05,5,1,1,2,FR,male,web_display,tv
user_960@example.com,Customer Name 960,44,6775,52,-1.2707581797329195,1.4851992702298382,45,2172.26,181.02,13,189,22,6,486.28000000000003,28,10,0,8,NL,female,sms,bundle
user_228@example.com,Customer Name 228,66,1853,95,1.8627480057186847,0.21372495972643257,6,144.97,12.08,14,964,15,3,76.8,10,3,0,6,ES,female,social,mobile
user_120@example.com,Customer Name 120,56,1156,113,1.7929310575615465,0.6285525201415596,21,969.4200000000001,80.79,13,852,105,21,607.97,27,6,0,5,NL,male,push_app,mobile
user_688@example.com,Customer Name 688,44,1626,49,1.7582164989378408,-1.6114873466489872,9,445.34000000000003,37.11,6,1896,258,73,1119.53,8,3,1,3,ES,female,web_display,bundle
user_563@example.com,Customer Name 563,68,5068,7,-0.6314780751969574,1.9635309212126333,60,2200.3700000000003,183.36,22,130,17,0,408.77,8,3,0,8,IT,other,social,tv
user_554@example.com,Customer Name 554,49,6326,50,-1.5447682874978117,3.2440619847423635,37,1319.21,109.93,11,1887,201,39,1068.16,5,2,0,10,ES,male,web_display,tv
user_895@example.com,Customer Name 895,50,1816,84,0.4006905060344389,0.5255096765337016,18,932.01,77.67,22,1531,177,30,897.66,17,3,0,6,ES,male,social,tv
user_1163@example.com,Customer Name 1163,65,7532,36,-0.4980095207963251,0.5197406332008387,36,903.96,75.33,44,580,60,15,51.3,23,3,0,3,ES,female,social,bundle
user_1058@example.com,Customer Name 1058,22,4740,99,-0.5088138570666267,2.1121699920489956,47,2661.78,221.82,41,793,22,4,20.03,19,8,0,10,IT,male,web_display,bundle
user_754@example.com,Customer Name 754,31,6004,4,-1.7604304574383698,2.399578608923862,41,2132.52,177.71,25,152,5,1,349.56000000000006,23,5,0,8,NL,female,sms,tv
user_1040@example.com,Customer Name 1040,59,7506,83,-0.8264901850182265,2.7065817676750803,42,2597.04,216.42,6,1754,191,35,1020.95,21,2,0,8,IT,male,social,bundle
user_923@example.com,Customer Name 923,33,2476,23,1.553323051741373,1.7394428519027367,30,862.6300000000001,71.89,11,499,48,2,623.74,22,3,0,6,NL,female,sms,internet
user_1098@example.com,Customer Name 1098,55,1128,35,2.538815146061711,0.39506907836719196,11,221.64,18.47,85,531,6,1,24.28,22,2,0,3,IT,male,sms,tv
user_1140@example.com,Customer Name 1140,60,2202,12,1.8615563490658893,-0.12668591438829632,11,255.64000000000001,21.3,4,311,17,2,178.84,22,4,0,4,FR,female,social,internet
user_373@example.com,Customer Name 373,66,6003,103,-0.03438729306876098,-2.0534298798457855,4,220.35,18.36,14,1067,23,4,186.54,18,6,1,1,ES,male,social,internet
user_705@example.com,Customer Name 705,21,3467,13,-0.5496665452400327,-1.9444762496281287,5,179.1,14.92,10,1930,272,32,1315.06,15,6,1,1,NL,other,sms,internet
user_260@example.com,Customer Name 260,33,2755,87,-1.582323051895568,-0.4444578361423329,7,410.92,34.24,4,1720,199,46,1176.8000000000002,13,5,0,8,ES,male,push_app,mobile
user_858@example.com,Customer Name 858,25,1479,8,1.4747262328144242,-0.9682226758428017,9,484.1,40.34,18,1542,31,7,165.28,11,2,0,8,ES,male,push_app,internet
user_739@example.com,Customer Name 739,62,2272,106,2.4795514557533664,0.3195299120829469,19,1415.98,118.0,119,640,86,22,90.5,1,0,0,7,NL,female,web_display,internet
user_1192@example.com,Customer Name 1192,43,2363,75,0.7584122119598329,-1.1594132847623788,10,586.6800000000001,48.89,15,1053,104,24,432.61,8,1,1,4,FR,male,social,bundle
user_408@example.com,Customer Name 408,39,1312,108,2.162522361818336,1.0040509854704913,11,404.73,33.73,55,1521,16,3,144.76,25,5,0,7,FR,female,sms,tv
user_801@example.com,Customer Name 801,27,5338,19,-0.103549294731347,1.3072950424775613,50,3068.63,255.72,156,964,132,39,274.33,13,2,0,10,NL,male,sms,tv
user_978@example.com,Customer Name 978,64,6751,99,-0.28148068616208316,1.633773401184118,48,2966.43,247.2,2,1228,143,40,302.06,9,2,0,9,IT,male,social,internet
user_392@example.com,Customer Name 392,38,2421,22,1.9806818869592766,0.013538936903120469,15,1074.7,89.56,76,1673,58,8,119.57,21,2,0,4,ES,female,web_display,bundle
user_341@example.com,Customer Name 341,37,7122,38,-1.3983548522714773,3.307659392380785,46,1634.1299999999999,136.18,24,1193,178,44,732.6800000000001,0,0,0,10,NL,female,web_display,internet
user_301@example.com,Customer Name 301,49,1710,101,0.44215196254246747,1.6189381217765608,22,971.1600000000001,80.93,6,163,21,1,414.57000000000005,19,3,0,3,ES,female,social,internet
user_173@example.com,Customer Name 173,30,5783,121,-0.05787787840389352,2.38326695935492,38,604.17,50.35,58,1612,47,13,201.26,9,0,0,8,NL,male,push_app,internet
user_440@example.com,Customer Name 440,68,4195,121,-0.5044324543716581,1.8542237955131795,50,2286.1200000000003,190.51,4,1384,55,9,179.28,15,6,0,10,IT,female,social,tv
user_457@example.com,Customer Name 457,32,1884,116,1.5416862796339146,0.5534741428350562,19,380.9,31.74,26,1837,220,42,954.42,11,0,0,1,FR,female,web_display,tv
user_888@example.com,Customer Name 888,47,2109,17,0.6317238508420172,1.26151719333411,30,1050.15,87.51,30,1192,78,4,404.46,12,5,0,6,ES,male,web_display,bundle
user_707@example.com,Customer Name 707,23,6017,75,-0.43091075734483353,-1.2849771153433247,12,527.43,43.95,2,310,8,1,390.65000000000003,0,0,1,3,FR,female,sms,internet
user_1122@example.com,Customer Name 1122,60,1458,33,0.9691034080602672,0.3565818486584031,12,600.55,50.05,7,1154,58,2,188.82,3,0,0,2,IT,male,web_display,bundle
user_731@example.com,Customer Name 731,66,1538,92,1.3387763297438244,-1.899081173965005,10,477.77,39.81,26,277,18,4,227.94,13,4,0,10,FR,male,social,bundle
user_347@example.com,Customer Name 347,65,7583,12,-0.9290980118017208,-1.5671124099925895,7,230.98,19.25,3,778,99,29,622.07,13,2,0,10,FR,female,social,bundle
user_519@example.com,Customer Name 519,47,1478,56,1.4779233793296447,1.2643668030396986,13,400.95,33.41,21,1910,184,42,966.76,6,1,0,8,FR,male,sms,bundle
user_765@example.com,Customer Name 765,33,2850,69,-0.41824163900742495,-0.06367243362015229,7,354.03,29.5,11,1698,249,70,471.34999999999997,11,0,1,2,DE,male,sms,internet
user_1151@example.com,Customer Name 1151,68,5423,29,0.4612313659490729,0.7438050471273967,48,2093.44,174.45,44,1346,108,32,168.29,19,1,0,8,IT,male,web_display,tv
user_262@example.com,Customer Name 262,20,4596,60,-0.7630523555226691,1.4430550669670454,43,3222.75,268.56,33,1553,168,49,954.2900000000001,15,4,0,10,ES,female,social,internet
user_251@example.com,Customer Name 251,51,4028,95,-1.5043242074979255,-1.334677819039724,10,446.61,37.22,48,563,37,10,363.89,11,1,1,4,IT,female,push_app,internet
user_594@example.com,Customer Name 594,24,4993,23,1.0113473005547893,-1.9772083533820752,5,71.57,5.96,285,1671,189,9,306.19,5,1,0,4,IT,male,web_display,bundle
user_881@example.com,Customer Name 881,56,840,8,2.5739120487981015,-1.079637623540108,20,1507.65,125.64,123,754,29,7,32.1,16,1,0,9,FR,male,social,tv
user_481@example.com,Customer Name 481,36,6185,92,-1.8586948826777259,2.3181747630022533,39,1860.1200000000001,155.01,17,720,47,10,510.61,20,3,0,10,ES,female,web_display,mobile
user_464@example.com,Customer Name 464,22,7963,115,-0.6713755936801729,2.4149456553885855,56,1199.17,99.93,5,528,10,2,568.08,11,1,0,8,FR,male,sms,bundle
user_1110@example.com,Customer Name 1110,34,4953,104,-0.23992931845956186,-0.6168373269100667,3,179.11,14.93,25,638,13,0,96.26,3,0,1,4,ES,male,social,tv
user_208@example.com,Customer Name 208,59,4711,43,-2.1877569650439015,1.0886614318850945,65,4965.64,413.8,33,1772,121,30,413.81,6,0,0,1,FR,female,sms,mobile
user_820@example.com,Customer Name 820,50,2275,32,0.81224992739961,-0.21775263716269,17,988.3299999999999,82.36,18,682,51,2,87.94,17,7,0,4,ES,male,web_display,mobile
user_245@example.com,Customer Name 245,28,2228,5,0.8932572643979992,0.5470076822258748,13,260.15,21.68,7,1081,74,5,233.04000000000002,29,12,0,5,FR,female,push_app,mobile
user_72@example.com,Customer Name 72,59,7492,81,-0.07068303097971801,1.0626438904606883,61,3535.73,294.64,47,818,99,18,199.48,0,0,0,5,IT,male,social,tv
user_824@example.com,Customer Name 824,18,7168,24,-0.6333553243320538,1.0228114036771818,46,2929.92,244.16,48,224,18,0,129.01,28,0,0,10,ES,male,social,mobile
user_1027@example.com,Customer Name 1027,21,6477,17,0.7605246473771672,-1.4220364285446836,1,70.2,5.85,263,224,16,0,42.31,6,2,1,4,ES,male,push_app,mobile
user_549@example.com,Customer Name 549,41,5483,11,1.0247046687532246,-0.4988493422648457,6,179.95999999999998,15.0,20,1238,185,44,419.54,13,3,1,1,FR,female,push_app,internet
user_808@example.com,Customer Name 808,35,3065,32,-1.061771357279223,-1.1825652768725043,8,418.33000000000004,34.86,36,1333,177,22,1123.17,3,1,1,2,ES,male,push_app,mobile
user_270@example.com,Customer Name 270,49,1418,22,2.1344882751048844,1.4318981669821338,17,973.8399999999999,81.15,53,1782,19,1,112.08,20,8,0,4,ES,female,web_display,internet
user_985@example.com,Customer Name 985,41,4482,105,-0.700539965650174,0.8798140153919476,58,2192.28,182.69,43,248,8,0,58.64,6,1,0,9,FR,male,sms,internet
user_637@example.com,Customer Name 637,66,6530,44,-2.264219978862502,2.488628596125605,63,2008.7500000000002,167.4,18,1366,180,51,992.49,25,6,0,10,ES,female,social,internet
user_1153@example.com,Customer Name 1153,64,2052,27,0.504518708278607,0.5236236592136714,18,610.9399999999999,50.91,27,699,26,6,199.73000000000002,19,5,0,9,DE,male,sms,tv
user_839@example.com,Customer Name 839,27,5069,25,-1.4033841097464015,3.036012638956533,49,3754.56,312.88,27,1923,101,26,437.57,29,9,0,9,IT,female,social,internet
user_184@example.com,Customer Name 184,45,7247,105,-1.6479790934865477,1.2724781629109723,35,2062.64,171.89,19,1863,118,12,541.48,14,0,0,2,IT,female,web_display,mobile
user_736@example.com,Customer Name 736,61,5654,111,-0.02138991898591453,-0.27111975838863567,9,514.66,42.89,8,1370,78,8,399.03,2,0,1,3,FR,female,sms,internet
user_1196@example.com,Customer Name 1196,63,6840,11,-0.7348667152986,1.9284566079842493,52,903.03,75.25,14,1970,226,49,384.33000000000004,6,2,0,10,FR,male,web_display,mobile
user_967@example.com,Customer Name 967,60,7859,11,1.2757711837006347,-1.4236759331193947,11,544.4300000000001,45.37,3,1274,177,1,794.85,25,4,1,1,NL,female,push_app,tv
user_1137@example.com,Customer Name 1137,23,1658,120,0.9429376332830893,-0.06890767121601907,7,485.47,40.46,17,554,77,8,469.26,3,1,0,9,ES,female,push_app,internet
user_1155@example.com,Customer Name 1155,55,1372,8,0.5312769791094762,-0.11601918222451912,10,142.3,11.86,108,1652,111,31,151.45,13,2,0,6,DE,other,push_app,mobile
user_1198@example.com,Customer Name 1198,48,6206,76,-0.9142796505438737,1.746564913029029,65,2347.0099999999998,195.58,30,333,40,11,534.03,10,4,0,10,IT,male,sms,mobile
user_436@example.com,Customer Name 436,63,3606,10,0.9955379480782576,-1.6137279218651008,3,73.17,6.1,59,1649,217,4,571.61,21,9,1,3,ES,male,push_app,mobile
user_288@example.com,Customer Name 288,52,1731,44,1.591853315377837,1.1472230480131453,21,879.6099999999999,73.3,15,1473,199,30,563.3299999999999,22,2,0,4,IT,female,social,tv
user_1050@example.com,Customer Name 1050,39,4450,3,-1.275413478848409,1.3135625282817982,60,3935.05,327.92,138,1509,214,35,864.27,8,1,0,8,ES,female,sms,tv
user_625@example.com,Customer Name 625,42,5026,97,-1.5240819791753488,-0.3393326896036132,6,196.0,16.33,55,1590,177,13,429.58,13,1,1,3,FR,male,social,tv
user_606@example.com,Customer Name 606,26,2174,31,0.9511371207887442,1.214749623438511,22,1646.02,137.17,4,1765,124,28,764.24,20,6,0,10,DE,male,social,bundle
user_793@example.com,Customer Name 793,52,5723,57,-1.7714361696165422,1.7088737264789335,49,2175.33,181.28,24,1164,33,8,140.71,10,4,0,9,NL,female,social,internet
user_1059@example.com,Customer Name 1059,18,7230,89,-0.05955348559330376,1.6033433913382436,59,1673.5,139.46,62,588,79,2,66.88,7,1,0,10,NL,male,web_display,tv
user_114@example.com,Customer Name 114,25,4181,23,-0.1134855387652852,1.0566985852918012,54,765.78,63.82,38,1404,124,34,234.01,24,3,0,7,NL,male,social,bundle
user_67@example.com,Customer Name 67,67,2405,91,1.7435504368714096,0.08819515031196165,25,1066.06,88.84,49,1480,102,14,374.51,29,0,0,6,NL,other,web_display,bundle
user_47@example.com,Customer Name 47,56,4248,3,-0.5769030734873887,-0.5597242014268692,7,424.94,35.41,14,989,136,0,834.8599999999999,29,5,0,10,NL,male,push_app,mobile
user_1147@example.com,Customer Name 1147,54,1892,35,2.1651363723409696,-0.8568394639227496,12,832.8,69.4,113,460,50,10,140.63,28,9,0,9,IT,male,push_app,internet
user_912@example.com,Customer Name 912,51,1805,112,0.1664105006274178,0.532219128678963,16,490.33,40.86,27,1005,75,9,341.31,4,0,0,6,ES,female,social,mobile
user_492@example.com,Customer Name 492,18,7528,91,0.15348198001433216,1.6484462797221546,45,620.95,51.75,149,393,23,2,58.02,9,0,0,8,IT,female,web_display,tv
user_180@example.com,Customer Name 180,59,1865,8,0.6035512509966048,-1.940683023924828,5,207.88,17.32,308,1713,223,53,505.62,28,5,1,2,FR,male,social,tv
user_847@example.com,Customer Name 847,68,7423,75,-0.020484311910688335,0.2766246912489201,45,2519.76,209.98,84,626,87,17,402.22,10,2,0,9,IT,male,push_app,mobile
user_31@example.com,Customer Name 31,66,5518,83,1.3196213594629027,-1.3405593861637453,8,520.31,43.36,28,1372,136,17,799.99,14,1,1,4,FR,female,push_app,internet
user_348@example.com,Customer Name 348,29,6711,69,-0.8177129225414488,1.3507232886527416,53,1210.0,100.83,33,1370,183,36,577.61,15,4,0,9,ES,male,social,tv
user_1167@example.com,Customer Name 1167,67,1731,22,1.4072517642417934,-0.20108644998466071,21,674.67,56.22,8,1607,157,18,404.46000000000004,5,0,0,8,FR,male,social,mobile
user_983@example.com,Customer Name 983,40,2324,19,2.1846871663724468,0.3530730743752861,20,1251.94,104.33,29,490,70,5,470.71000000000004,13,5,0,7,NL,female,sms,internet
user_136@example.com,Customer Name 136,39,1713,19,1.1666532212687852,1.4895756102634987,14,392.4,32.7,15,1829,29,2,228.18,5,1,0,4,IT,female,web_display,internet
user_336@example.com,Customer Name 336,21,1021,7,1.0167614595631587,1.543959603895284,19,1053.42,87.79,25,1896,163,3,676.26,2,0,0,8,NL,female,push_app,bundle
user_1084@example.com,Customer Name 1084,23,1606,106,2.2844726464232568,1.4569805049534739,17,419.86,34.99,12,1997,219,3,837.98,9,0,0,9,NL,female,social,internet
user_312@example.com,Customer Name 312,41,852,4,2.5210513793223575,-1.523813106351211,9,372.47,31.04,72,1196,21,4,25.19,20,1,0,1,FR,male,sms,tv
user_34@example.com,Customer Name 34,45,5092,94,-1.3781196413169639,1.5509153873664285,55,1602.56,133.55,24,1790,69,19,254.86,24,6,0,5,NL,female,sms,tv
user_622@example.com,Customer Name 622,66,6985,96,0.6788236158161458,-0.7494108580649984,7,422.21000000000004,35.18,8,1335,68,13,634.66,4,0,1,3,ES,female,social,internet
user_483@example.com,Customer Name 483,36,7652,94,1.3184563837933723,-0.8281742488726319,9,413.65999999999997,34.47,12,1606,200,40,746.5600000000001,20,7,1,1,FR,male,sms,bundle
user_1168@example.com,Customer Name 1168,59,6976,114,-1.3067450283699662,2.1285127928659193,27,1418.77,118.23,29,1712,219,65,988.58,13,4,0,9,NL,other,social,bundle
user_935@example.com,Customer Name 935,44,1006,15,1.9990833741558245,1.8664808179988988,22,1280.1100000000001,106.68,17,974,125,3,810.8800000000001,11,4,0,9,ES,male,social,bundle
user_141@example.com,Customer Name 141,54,5568,82,-2.0263436249220477,2.308323382910192,36,2708.76,225.73,41,344,13,1,114.07,26,5,0,9,IT,male,web_display,internet
user_409@example.com,Customer Name 409,40,6271,22,-0.9663543966498858,2.4962760807883804,35,534.72,44.56,16,1769,140,2,407.95,12,0,0,10,FR,female,sms,bundle
user_230@example.com,Customer Name 230,19,7098,55,-0.5916459230528497,2.421123468244704,62,2458.86,204.9,8,1987,295,84,1182.1100000000001,25,11,0,8,FR,female,social,mobile
user_525@example.com,Customer Name 525,43,1827,78,2.1296668428706536,0.73745404589237,25,1049.38,87.45,36,909,43,2,368.02,10,0,0,10,FR,male,web_display,bundle
user_1117@example.com,Customer Name 1117,32,6594,61,-1.0626331146491355,0.9435504725005901,39,1058.73,88.23,97,1263,146,1,446.41,2,0,0,5,FR,male,social,internet
user_673@example.com,Customer Name 673,35,1647,26,1.9496876880695826,0.6687536584366058,17,1082.93,90.24,143,888,108,5,120.52,27,0,0,9,ES,male,web_display,internet
user_1090@example.com,Customer Name 1090,39,7680,101,0.008840047361752035,1.32143810575966,34,2350.84,195.9,35,1404,87,26,257.12,18,0,0,9,NL,male,push_app,mobile
user_729@example.com,Customer Name 729,30,1087,21,1.4020019414933023,-0.02812997800873357,10,213.56,17.8,167,1472,76,7,42.6,4,1,0,4,ES,female,web_display,tv
user_210@example.com,Customer Name 210,41,6895,108,-1.0011310819045047,1.9059751161874343,43,2594.73,216.23,74,1512,89,7,369.87,12,0,0,8,FR,male,sms,mobile
user_964@example.com,Customer Name 964,39,5884,75,1.2139993755263463,-1.8622320153877996,10,363.78999999999996,30.32,8,1210,112,2,511.91999999999996,17,3,1,2,ES,male,push_app,mobile
user_902@example.com,Customer Name 902,22,5963,27,-2.1562727059478446,1.540818043058043,50,2033.69,169.47,11,306,43,10,389.8,20,1,0,4,ES,male,web_display,internet
user_293@example.com,Customer Name 293,69,4676,14,-0.366636703675535,-2.542498094358745,4,145.11,12.09,365,1312,127,29,404.21,8,1,1,1,IT,male,web_display,tv
user_190@example.com,Customer Name 190,45,7365,10,-0.8450945547925919,-1.836358989486976,7,299.65999999999997,24.97,19,945,32,0,197.53,9,2,1,2,IT,female,push_app,mobile
user_1092@example.com,Customer Name 1092,67,2018,51,-0.40411032151562676,-2.184006247952906,3,168.12,14.01,254,1775,179,41,800.54,10,0,1,1,IT,male,push_app,bundle
user_211@example.com,Customer Name 211,32,6815,16,-0.23344319916962764,2.3041427251400104,40,2010.66,167.56,46,1989,276,69,748.6899999999999,18,1,0,9,FR,female,sms,internet
user_434@example.com,Customer Name 434,18,2224,108,2.204056161627502,0.07420949933651111,26,1216.6599999999999,101.39,47,1312,74,8,701.39,8,2,0,1,ES,male,sms,bundle
user_674@example.com,Customer Name 674,64,6291,21,-1.8331578751591047,2.2707013258702693,42,2352.08,196.01,27,931,109,12,475.47999999999996,0,0,0,9,FR,male,sms,internet
user_619@example.com,Customer Name 619,49,6882,6,-1.6577262586965447,1.8823642063680972,48,871.45,72.62,8,511,44,12,483.24,0,0,0,10,ES,male,web_display,bundle
user_528@example.com,Customer Name 528,38,4709,23,-1.3243835218484783,2.6059729945830448,59,4367.21,363.93,58,1751,31,5,217.39999999999998,10,4,0,10,IT,male,social,internet
user_487@example.com,Customer Name 487,43,7966,72,0.25250787841513916,-0.6842476374666023,13,443.1,36.93,26,592,14,1,374.23,12,0,0,8,FR,female,push_app,mobile
user_954@example.com,Customer Name 954,63,2101,85,0.7566177640928382,1.0550270112658622,17,938.48,78.21,4,290,13,0,359.95,1,0,0,10,ES,female,social,internet
user_1166@example.com,Customer Name 1166,30,4769,104,-1.2083250354205175,1.1083656276225693,30,641.13,53.43,14,1302,180,6,210.75,18,3,0,5,FR,male,web_display,bundle
user_939@example.com,Customer Name 939,68,1622,20,2.1701530966893143,0.6898079599038427,11,760.49,63.37,21,1572,207,3,1252.68,2,0,0,3,ES,male,web_display,tv
user_603@example.com,Customer Name 603,53,4249,54,-0.2969589771556977,3.1467989531884974,66,1783.56,148.63,9,1493,38,7,317.6,4,1,0,10,ES,female,push_app,internet
user_988@example.com,Customer Name 988,43,7566,54,-1.72666366855813,1.2633729835295227,42,2743.78,228.65,21,398,5,1,169.76999999999998,21,8,0,4,ES,male,social,mobile
user_616@example.com,Customer Name 616,49,7715,4,0.7802568442583585,-0.023929413038664915,46,961.27,80.11,151,1666,246,34,1096.41,8,3,0,8,IT,male,web_display,tv
user_672@example.com,Customer Name 672,28,2024,52,0.6605467278354931,0.7072643351355963,17,716.28,59.69,25,1772,130,13,369.03000000000003,17,7,0,6,IT,male,sms,mobile
user_28@example.com,Customer Name 28,39,4566,77,-0.5536152638253804,2.368571432201025,60,3858.4,321.53,6,1381,31,6,93.17,8,2,0,8,IT,female,web_display,bundle
user_1102@example.com,Customer Name 1102,39,7038,103,0.10689290789764438,0.7628353403468844,49,3384.2,282.02,101,907,16,4,50.88,6,1,0,2,FR,female,push_app,internet
user_885@example.com,Customer Name 885,67,1547,54,2.2170276579109753,0.25171400572065084,13,734.21,61.18,21,1623,119,29,326.03000000000003,14,4,0,7,DE,female,push_app,mobile
user_18@example.com,Customer Name 18,39,4700,31,-1.6405145137237576,1.9582535959006984,59,1440.98,120.08,78,1647,154,1,601.94,15,3,0,9,DE,male,social,internet
user_626@example.com,Customer Name 626,52,6266,110,-1.7607151121863471,1.7900187400562912,59,1957.5099999999998,163.13,17,1983,204,33,671.74,27,10,0,9,IT,female,web_display,mobile
user_477@example.com,Customer Name 477,30,1422,55,2.2306612205422818,0.3000621460594547,13,336.99,28.08,20,680,43,2,322.39,8,3,0,9,FR,male,sms,internet
user_1194@example.com,Customer Name 1194,35,4370,35,-1.5998808600859502,2.4895433653523886,45,931.11,77.59,67,1197,162,11,211.33,4,1,0,9,ES,female,web_display,mobile
user_152@example.com,Customer Name 152,32,2708,4,0.5663264734398391,-1.4670236362299787,5,375.63,31.3,284,573,14,2,26.26,7,2,1,1,ES,male,push_app,internet
user_1170@example.com,Customer Name 1170,67,2717,97,-1.103462861887896,-1.211035774131451,1,37.12,3.09,289,1670,121,5,393.15,7,3,1,2,DE,female,social,tv
user_1159@example.com,Customer Name 1159,34,1350,114,2.5981487149225857,-0.006070629642454195,11,676.83,56.4,61,969,141,13,349.7,17,2,0,4,ES,male,web_display,bundle
user_726@example.com,Customer Name 726,56,1595,26,1.505867508352656,0.6957892040344575,21,1102.5900000000001,91.88,48,718,79,2,194.43,1,0,0,10,IT,male,social,tv
user_831@example.com,Customer Name 831,48,2146,18,2.3663320430040997,0.07913466541967829,17,967.68,80.64,105,1276,181,1,174.24,24,10,0,7,DE,female,social,tv
user_962@example.com,Customer Name 962,43,2045,58,-0.9242326229695036,-1.6254799185730264,4,194.46,16.21,30,1987,116,22,507.78999999999996,14,5,1,2,FR,female,web_display,tv
user_965@example.com,Customer Name 965,64,1077,89,-0.21736213482742966,-1.1093969943994972,8,352.53999999999996,29.38,11,1885,275,45,752.3,15,7,1,4,ES,female,sms,bundle
user_959@example.com,Customer Name 959,62,1971,13,1.8951538113450606,1.0555682633484027,15,372.81,31.07,13,1602,195,31,202.15,3,0,0,1,FR,female,web_display,bundle
user_367@example.com,Customer Name 367,50,1519,120,0.5886000780144117,0.7633882862337147,16,856.35,71.36,21,814,94,16,613.26,14,3,0,6,FR,male,web_display,tv
user_880@example.com,Customer Name 880,68,4155,80,-0.030606021984075804,-0.5504099939611141,30,2124.8,177.07,101,913,80,15,228.63,20,8,0,5,NL,female,push_app,internet
user_732@example.com,Customer Name 732,42,1835,104,1.2428746961597987,1.004681145254934,25,1793.0,149.42,12,946,98,19,554.8800000000001,26,12,0,4,ES,male,sms,tv
user_723@example.com,Customer Name 723,45,3569,115,0.06208754838205942,-1.0214474926574424,11,498.03000000000003,41.5,7,486,19,4,182.93,29,10,1,4,NL,male,web_display,mobile
user_1012@example.com,Customer Name 1012,49,907,77,1.6612545695639465,1.5411622184051927,11,759.34,63.28,6,1415,101,8,441.20000000000005,6,0,0,2,FR,female,push_app,mobile
user_706@example.com,Customer Name 706,53,1502,12,1.4210639218300098,1.1509735339525229,21,873.5500000000001,72.8,43,1769,213,33,846.04,13,3,0,6,FR,other,web_display,mobile
user_1190@example.com,Customer Name 1190,34,7320,101,-0.1042292546271617,2.0777122527685576,29,1276.52,106.38,70,1628,205,39,1021.86,8,0,0,9,IT,female,sms,bundle
user_682@example.com,Customer Name 682,63,5371,38,-0.10908137237816251,2.1309509400060063,52,720.34,60.03,178,898,10,2,10.77,21,0,0,8,ES,female,sms,bundle
user_361@example.com,Customer Name 361,51,7957,10,-0.056254245922279233,1.0838176674850948,51,2746.0499999999997,228.84,30,380,49,8,296.26,1,0,0,9,FR,male,sms,internet
user_867@example.com,Customer Name 867,22,7202,108,-0.5184524441009525,2.1078294074522628,53,2142.5400000000004,178.55,4,1382,25,0,253.57999999999998,28,12,0,9,FR,male,web_display,tv
user_279@example.com,Customer Name 279,18,6373,119,-1.8017065733583184,1.9647195358784766,48,1172.24,97.69,139,670,93,9,372.32,14,3,0,8,NL,male,social,tv
user_476@example.com,Customer Name 476,33,6467,16,-0.2071033017668311,-1.5697522839782978,11,354.68,29.56,5,621,34,7,353.64,11,3,0,3,IT,male,social,tv
user_546@example.com,Customer Name 546,62,1774,76,1.8465841047697622,0.6142257692088384,22,907.49,75.62,49,1404,43,1,177.34,23,5,0,7,ES,male,social,bundle
user_1133@example.com,Customer Name 1133,30,2276,60,0.8834134551616393,-0.43428334078380537,9,317.11,26.43,135,136,5,0,2.68,24,5,0,3,IT,male,push_app,internet
user_866@example.com,Customer Name 866,61,7285,118,-0.07244175719904017,2.8552527220102313,63,988.5,82.38,19,1611,115,18,543.02,27,12,0,8,ES,male,sms,tv
user_1070@example.com,Customer Name 1070,46,5170,69,-0.3750722980477009,2.8678330103413074,63,4355.96,363.0,22,811,29,1,221.82999999999998,19,8,0,10,FR,male,web_display,tv
user_797@example.com,Customer Name 797,22,7507,32,0.0958485073748068,-1.598118487574523,5,225.32999999999998,18.78,25,420,53,11,248.97,21,7,0,7,NL,male,web_display,tv
user_185@example.com,Customer Name 185,61,2118,97,0.34822611269664383,-0.5726358103839833,7,354.3,29.52,43,999,131,26,637.63,7,3,1,1,FR,male,push_app,internet
user_219@example.com,Customer Name 219,69,4937,27,-0.7939769997407986,3.2866076546620535,36,1862.0099999999998,155.17,25,1019,76,16,797.04,11,2,0,8,FR,female,sms,tv
user_170@example.com,Customer Name 170,60,1558,17,1.0936084764972376,0.8446605177472907,10,457.08,38.09,12,1611,204,55,466.1,18,1,0,7,FR,male,sms,internet
user_781@example.com,Customer Name 781,53,7064,32,-0.10213928893474211,1.0746686267694658,34,1584.7,132.06,125,1871,145,12,634.72,27,0,0,8,IT,male,web_display,internet
user_701@example.com,Customer Name 701,34,1329,37,1.9600214578995843,-0.24765110371913346,12,364.0,30.33,66,1494,173,11,404.34,19,7,0,8,ES,female,social,bundle
user_259@example.com,Customer Name 259,23,7698,96,0.011065782237148408,-1.5340422443490422,1,52.1,4.34,373,664,41,7,197.57,0,0,1,4,ES,male,sms,mobile
user_989@example.com,Customer Name 989,31,1638,38,2.717968111677288,-0.8117373518266898,19,646.9,53.91,82,271,3,0,5.4,27,0,0,3,ES,male,push_app,bundle
user_685@example.com,Customer Name 685,59,1615,57,1.8351029326903572,0.2557756856094208,18,743.92,61.99,17,1532,159,7,233.15,10,3,0,6,FR,male,web_display,internet
user_1077@example.com,Customer Name 1077,47,2486,66,2.2930724470839032,0.757065054880837,9,457.28999999999996,38.11,26,1242,99,21,216.68,26,6,0,5,ES,male,push_app,bundle
user_65@example.com,Customer Name 65,34,1785,62,2.579571661377119,0.23189831088860802,12,746.52,62.21,60,874,120,17,585.71,3,0,0,2,ES,other,push_app,internet
user_515@example.com,Customer Name 515,45,1855,111,1.5542986972948372,0.27337632066482026,15,1107.59,92.3,40,1876,256,3,806.1400000000001,1,0,0,2,NL,male,social,bundle
user_504@example.com,Customer Name 504,39,6679,112,-1.98200970691607,1.071496762882035,55,581.36,48.45,151,1629,159,31,515.17,28,11,0,9,IT,female,social,mobile
user_501@example.com,Customer Name 501,33,6037,70,-0.9933856264263967,0.07165454612495761,31,1990.5300000000002,165.88,26,165,8,1,269.65000000000003,25,3,0,5,ES,female,web_display,tv
user_1052@example.com,Customer Name 1052,31,1099,18,1.0966566501821977,-0.8860046824861223,12,800.76,66.73,142,632,93,5,318.59,14,4,0,6,NL,female,web_display,mobile
user_406@example.com,Customer Name 406,49,5564,80,0.12578993705308417,1.5549195769229653,57,2560.5,213.38,142,1874,230,26,533.82,5,1,0,9,FR,male,sms,bundle
user_249@example.com,Customer Name 249,22,4151,37,-0.8624435439142766,2.0448525937488826,37,1645.34,137.11,9,1367,124,8,689.26,6,0,0,8,FR,female,social,tv
user_77@example.com,Customer Name 77,61,1447,73,2.2915195469443295,-0.5301240942347643,13,638.44,53.2,99,1853,150,43,704.43,12,0,0,3,DE,female,sms,tv
user_276@example.com,Customer Name 276,56,2442,98,0.6968544314694387,0.4027586539918585,22,1137.36,94.78,17,1961,244,18,836.65,17,3,0,4,FR,female,web_display,tv
user_826@example.com,Customer Name 826,65,5244,74,-0.8571005747002917,1.8480551347058007,45,2010.1000000000001,167.51,10,1394,90,9,697.1400000000001,29,6,0,9,FR,male,push_app,bundle
user_143@example.com,Customer Name 143,31,4847,88,-0.47161612670137126,1.6711418661992705,54,1764.43,147.04,5,923,34,6,208.85999999999999,1,0,0,10,NL,female,web_display,bundle
user_413@example.com,Customer Name 413,19,4093,45,-0.2558938045788118,-0.6069659125524749,11,518.35,43.2,21,939,67,16,222.52999999999997,26,11,1,3,ES,male,push_app,mobile
user_425@example.com,Customer Name 425,52,5445,25,-1.5879093940435585,1.6413274320448576,40,2342.87,195.24,180,1898,208,51,821.64,9,4,0,10,NL,female,push_app,mobile
user_339@example.com,Customer Name 339,38,2425,78,-0.9609379672360142,-2.4990925110967237,5,332.52,27.71,292,1085,71,11,65.68,22,10,0,4,FR,male,web_display,bundle
user_916@example.com,Customer Name 916,60,1614,43,1.4826425311285591,0.744926863138732,23,1274.1999999999998,106.18,10,239,15,4,71.66,15,5,0,10,NL,male,push_app,tv
user_934@example.com,Customer Name 934,20,6320,94,-1.0849753359865408,2.688155191948878,37,643.11,53.59,5,120,3,0,198.22,23,7,0,8,IT,female,social,bundle
user_702@example.com,Customer Name 702,24,1988,94,1.2117698849655456,0.3046376520976156,17,515.56,42.96,43,1906,262,26,701.56,20,9,0,10,IT,male,social,internet
user_851@example.com,Customer Name 851,18,6253,54,-1.6724597394889782,0.7068166602826474,45,632.9399999999999,52.74,60,438,64,3,400.90999999999997,27,10,0,10,IT,male,push_app,tv
user_451@example.com,Customer Name 451,39,6007,57,1.1843448893477961,-0.9376063938416754,4,228.51,19.04,55,773,49,13,193.97,12,2,1,1,IT,female,sms,tv
user_40@example.com,Customer Name 40,69,2561,61,-1.7516792205228553,-0.6676936340235552,12,585.1800000000001,48.77,30,1444,113,9,662.22,22,1,0,9,ES,male,web_display,tv
user_431@example.com,Customer Name 431,53,1293,54,2.338930831989597,0.2730253743682973,8,572.72,47.73,126,1905,200,43,313.42,8,2,0,6,FR,male,web_display,bundle
user_449@example.com,Customer Name 449,68,1522,36,2.299067643669754,0.3838042295448333,19,309.08,25.76,13,1398,46,12,197.84,23,11,0,1,NL,male,sms,tv
user_17@example.com,Customer Name 17,20,7088,121,0.07877200102438836,-0.3925403682903793,6,217.81,18.15,15,675,59,12,384.67,4,0,0,4,NL,male,sms,mobile
user_385@example.com,Customer Name 385,46,2190,63,1.7946107139386138,0.6838403973454972,6,392.3,32.69,153,969,74,4,333.09,18,3,0,5,FR,male,social,mobile
user_188@example.com,Customer Name 188,47,7743,116,-0.9434283143644038,-1.3889700169347594,9,441.05,36.75,6,1923,273,12,1097.02,5,2,1,2,IT,female,push_app,internet
user_545@example.com,Customer Name 545,22,1123,80,2.1198857813817265,0.7906878251969398,20,1100.35,91.7,43,1311,76,16,277.99,7,2,0,7,ES,female,push_app,mobile
user_443@example.com,Customer Name 443,45,1818,98,1.299608906256139,1.5512606109339515,26,1469.18,122.43,16,1838,233,33,713.28,6,0,0,10,ES,male,push_app,bundle
user_233@example.com,Customer Name 233,54,6493,53,-1.1304883473986451,1.479206674610152,45,2918.54,243.21,3,832,28,7,202.0,3,0,0,8,NL,male,push_app,tv
user_2@example.com,Customer Name 2,69,1257,77,1.5929243237870259,1.407882754156581,16,831.2,69.27,1,1319,59,6,460.86,16,1,0,9,NL,male,social,tv
user_209@example.com,Customer Name 209,61,5845,62,-1.5858564496083043,1.6064226567095563,56,4029.11,335.76,10,1267,186,19,833.9300000000001,26,2,0,8,ES,female,web_display,tv
user_69@example.com,Customer Name 69,21,1188,95,0.6169665840145988,-0.17344865237873758,14,506.05,42.17,121,791,112,2,416.91,10,4,0,6,ES,male,social,internet
user_75@example.com,Customer Name 75,35,1966,52,0.2643753977579543,0.8459997941072167,22,1219.1399999999999,101.59,21,1149,112,7,516.1,0,0,0,1,ES,male,web_display,internet
user_1174@example.com,Customer Name 1174,60,7492,11,-0.8249162560137199,0.1559776866199427,30,1130.76,94.23,112,1525,55,12,126.31,23,8,0,8,ES,male,social,bundle
user_721@example.com,Customer Name 721,45,7925,41,-0.444045226748635,-1.325990570869564,3,222.83,18.57,294,678,88,5,420.61,6,0,1,2,FR,female,web_display,mobile
user_733@example.com,Customer Name 733,50,2254,44,0.43745105436846954,0.8324024799595829,26,1070.43,89.2,1,586,10,1,408.82000000000005,5,1,0,3,DE,female,social,mobile
user_95@example.com,Customer Name 95,43,2215,86,2.011847735530722,1.005496442872217,17,1255.8500000000001,104.65,20,697,94,15,636.36,12,3,0,6,IT,male,push_app,bundle
user_1107@example.com,Customer Name 1107,46,969,31,0.6101964215620612,0.4397667421826688,22,1419.0100000000002,118.25,6,1168,74,0,359.22,29,6,0,9,ES,female,web_display,tv
user_126@example.com,Customer Name 126,29,2473,91,-0.8176062056944331,-2.3790991536833737,4,163.56,13.63,51,724,96,8,323.51,26,0,1,3,DE,male,push_app,internet
user_478@example.com,Customer Name 478,67,4923,50,-0.9895114198156457,2.941087825977635,48,2588.7799999999997,215.73,36,1976,189,40,760.87,19,1,0,8,NL,male,social,bundle
user_920@example.com,Customer Name 920,68,6311,119,-0.6115607808347567,1.0552937575153813,29,629.19,52.43,6,1551,20,5,75.22,14,1,0,10,ES,female,social,internet
user_744@example.com,Customer Name 744,28,2004,75,1.8406924220636047,0.4395020329425371,16,462.9,38.57,70,1682,177,2,581.21,9,3,0,7,DE,male,social,bundle
user_521@example.com,Customer Name 521,69,6685,91,-0.6573221328751129,1.6856731154680333,40,2353.28,196.11,11,1436,58,4,160.88,13,0,0,9,FR,female,social,bundle
user_350@example.com,Customer Name 350,39,1680,16,1.6643402700083658,0.3743401142560453,16,1045.63,87.14,28,1666,95,5,609.94,22,1,0,5,NL,female,web_display,tv
user_971@example.com,Customer Name 971,53,7655,30,-1.2336351521546995,1.2484180151084743,50,1638.3600000000001,136.53,17,227,17,1,301.23,3,0,0,1,ES,other,social,bundle
user_1145@example.com,Customer Name 1145,40,1330,81,0.9804658471650506,1.1109292777045732,15,915.02,76.25,3,1829,255,69,1000.84,4,1,0,3,FR,male,sms,bundle
user_817@example.com,Customer Name 817,44,1766,106,1.2530837595206732,-0.3358147144245565,16,511.2,42.6,66,1915,249,52,343.3,14,1,0,6,DE,female,web_display,tv
user_305@example.com,Customer Name 305,36,4167,114,1.1447682155725774,-1.6742294379950147,12,630.9,52.58,28,558,31,7,436.09,25,0,0,10,ES,male,sms,tv
user_419@example.com,Customer Name 419,60,4324,41,-0.23162931668383988,1.5452875070671461,27,997.43,83.12,46,1750,242,39,698.4,18,6,0,9,FR,male,sms,internet
user_215@example.com,Customer Name 215,58,1429,14,1.193003448550009,0.9009606988697338,25,1145.07,95.42,11,956,67,5,604.71,27,6,0,1,IT,male,sms,bundle
user_893@example.com,Customer Name 893,69,6324,4,-1.4521514175528272,1.757070332484091,36,739.11,61.59,16,1841,103,12,581.1600000000001,6,0,0,9,IT,male,social,tv
user_844@example.com,Customer Name 844,26,2377,87,1.2171993295343335,0.8916743405563519,16,1094.41,91.2,26,1341,58,16,408.12,7,0,0,7,FR,male,push_app,mobile
user_480@example.com,Customer Name 480,47,1928,107,0.9079671896622761,0.340953882202629,22,1057.8,88.15,29,1206,93,11,488.86,22,8,0,1,NL,female,web_display,internet
user_561@example.com,Customer Name 561,50,977,27,1.2925788140925178,0.6330482508278246,20,817.43,68.12,57,1153,61,1,194.36,1,0,0,4,FR,female,social,bundle
user_1160@example.com,Customer Name 1160,39,7083,46,-1.1593422427725544,0.251324491453615,50,2417.26,201.44,67,794,112,15,253.79,8,2,0,5,FR,male,sms,bundle
user_783@example.com,Customer Name 783,34,1005,10,1.4802769651396408,1.171168260307232,14,438.9,36.57,51,1822,51,10,166.58999999999997,7,0,0,8,ES,male,social,mobile
user_513@example.com,Customer Name 513,46,5631,25,-0.693776671055832,-3.126204211885163,1,14.17,1.18,243,1156,34,0,20.97,7,1,1,3,DE,male,push_app,tv
user_474@example.com,Customer Name 474,57,4252,33,0.035805609635089664,-1.665559497638469,9,303.02,25.25,14,1967,216,4,430.24,13,0,1,1,ES,male,social,mobile
user_327@example.com,Customer Name 327,35,1616,4,0.9281671071514646,1.0915161895869434,22,1038.66,86.56,29,1880,124,7,784.5799999999999,25,8,0,2,NL,male,social,bundle
user_782@example.com,Customer Name 782,44,3034,118,-1.34945043890626,-1.3963175967271055,3,101.15,8.43,21,1289,29,2,86.27000000000001,21,5,0,9,IT,male,push_app,mobile
user_584@example.com,Customer Name 584,34,4650,82,0.6264873115996881,-1.7319444534771866,6,372.03,31.0,16,414,21,3,285.24,10,2,1,1,IT,female,web_display,tv
user_1132@example.com,Customer Name 1132,29,5234,110,-1.555601942734222,2.4792892301229834,55,3769.34,314.11,40,961,100,4,255.66,15,3,0,8,IT,female,sms,internet
user_570@example.com,Customer Name 570,57,6481,17,-0.9185705457464827,1.9468497141007655,55,1148.77,95.73,7,646,17,2,336.57000000000005,1,0,0,10,ES,male,web_display,bundle
user_226@example.com,Customer Name 226,66,2466,47,1.1041022436958925,-0.3212664522983186,11,662.47,55.21,25,1086,53,7,414.6,26,9,0,6,IT,female,social,bundle
user_996@example.com,Customer Name 996,60,4154,65,-1.2436524198208077,1.2269865057836635,63,1362.36,113.53,26,1518,141,10,746.78,13,1,0,8,DE,male,push_app,bundle
user_850@example.com,Customer Name 850,21,7899,69,-0.6625657075418302,1.72910828544693,50,3371.74,280.98,133,519,37,1,101.87,27,0,0,8,ES,male,sms,tv
user_242@example.com,Customer Name 242,23,5222,58,-1.133849009500379,2.3428802876694026,59,1901.7,158.48,46,1272,38,8,263.27,1,0,0,9,ES,male,web_display,internet
user_634@example.com,Customer Name 634,39,7467,115,-1.4153196178060243,-0.5786606995977699,12,538.02,44.84,26,293,43,10,519.65,4,1,0,2,IT,male,social,mobile
user_1063@example.com,Customer Name 1063,47,2285,3,0.9292783672022404,1.0176013008814224,17,629.47,52.46,15,1593,111,9,441.4,14,2,0,1,FR,male,sms,tv
user_834@example.com,Customer Name 834,20,1091,118,2.0291743714129735,0.41443296044968203,18,1123.78,93.65,15,602,86,1,298.75,16,6,0,7,FR,female,sms,mobile
user_871@example.com,Customer Name 871,65,5464,44,-1.9702503016326667,2.9876764939083627,41,2302.21,191.85,52,122,6,0,122.17,28,2,0,8,ES,other,sms,internet
user_429@example.com,Customer Name 429,30,854,25,1.3598397039139303,-1.8929247415689474,9,243.78,20.32,27,485,7,1,115.61999999999999,6,0,0,2,ES,male,social,mobile
user_363@example.com,Customer Name 363,47,1298,78,1.4751594072048493,0.783775082160857,24,1653.23,137.77,24,774,9,2,188.3,14,5,0,3,FR,female,sms,internet
user_163@example.com,Customer Name 163,21,6751,105,0.7641238124077597,-0.8967507879112321,2,112.82,9.4,48,1782,162,47,358.13,8,3,1,2,ES,female,push_app,mobile
user_1010@example.com,Customer Name 1010,29,3673,72,1.0858814851896335,-0.9258976963894998,7,331.98,27.67,26,1989,153,15,402.12,29,0,1,4,ES,male,social,internet
user_597@example.com,Customer Name 597,62,3511,21,-0.9109444395245456,-0.9731349682507948,3,73.35,6.11,12,1933,156,39,515.1,2,0,0,2,FR,female,sms,tv
user_395@example.com,Customer Name 395,50,3517,3,-0.7090807520880656,-2.498737625064786,8,375.68,31.31,44,1905,200,39,485.48,18,1,1,2,FR,female,sms,bundle
user_150@example.com,Customer Name 150,44,6739,116,-0.5116726522595854,2.5397708664671708,55,3712.6900000000005,309.39,20,1340,146,7,946.31,9,1,0,9,IT,female,push_app,internet
user_1032@example.com,Customer Name 1032,28,871,76,1.5122966214802551,0.969892652236489,7,520.96,43.41,48,811,48,8,228.18,21,9,0,4,ES,male,sms,mobile
user_332@example.com,Customer Name 332,33,5350,30,-0.28995435776038286,2.0807636161815477,38,1356.29,113.02,29,1305,184,44,1148.55,22,1,0,9,NL,female,social,internet
user_282@example.com,Customer Name 282,42,2500,68,1.8210826277794012,0.7646406797683499,17,558.94,46.58,10,339,17,4,318.88,15,0,0,7,DE,male,web_display,mobile
user_358@example.com,Customer Name 358,25,5605,3,-0.4418001974146419,-2.123312815955969,8,412.22999999999996,34.35,24,407,25,3,382.54,9,3,1,1,IT,other,web_display,tv
user_715@example.com,Customer Name 715,36,7617,9,-1.4191831393172896,2.368973212241011,45,2842.1800000000003,236.85,16,770,75,1,565.31,29,4,0,9,FR,male,push_app,tv
user_643@example.com,Customer Name 643,26,7256,9,0.03144945245962073,0.953538319780017,52,3359.5600000000004,279.96,26,1697,103,1,142.91,15,6,0,4,NL,male,push_app,internet
user_862@example.com,Customer Name 862,20,4608,17,-0.6426502381211034,1.7282131555553755,27,335.92,27.99,93,1388,91,15,381.06,29,5,0,10,IT,male,web_display,bundle
user_324@example.com,Customer Name 324,52,7248,105,-0.838136107158848,2.618574863383005,39,1646.46,137.21,9,779,68,4,541.13,23,5,0,8,NL,female,web_display,internet
user_178@example.com,Customer Name 178,45,5377,63,-1.284968830644729,1.488613007231844,26,1850.36,154.2,117,1533,82,4,357.0,25,2,0,10,NL,female,push_app,internet
user_823@example.com,Customer Name 823,52,1621,72,2.1259846653991445,1.5766663397345402,14,687.77,57.31,15,1865,19,2,420.79,0,0,0,8,IT,female,social,tv
user_460@example.com,Customer Name 460,50,7174,28,-1.728926225973867,2.4410460083236147,47,2172.27,181.02,10,1116,154,7,203.91,29,13,0,10,FR,male,web_display,internet
user_697@example.com,Customer Name 697,62,1536,24,1.0940631858986842,-0.29652615099260426,13,600.73,50.06,34,874,23,1,349.87,21,9,0,9,FR,male,sms,bundle
user_1109@example.com,Customer Name 1109,44,4471,16,-1.3276592908947338,1.9613304058095307,41,1982.48,165.21,70,1264,24,6,73.62,28,7,0,8,ES,male,web_display,tv
user_526@example.com,Customer Name 526,43,4255,73,-0.915440938139944,1.755443582692937,36,2122.85,176.9,56,1082,154,24,738.49,15,1,0,10,IT,female,push_app,internet
user_1060@example.com,Customer Name 1060,36,1624,74,1.0181220622285823,0.38846518614410086,20,484.63,40.39,40,711,75,6,171.95,11,5,0,6,FR,female,push_app,tv
user_127@example.com,Customer Name 127,51,3019,35,-1.5140569949637424,-1.338116845299549,5,246.26,20.52,9,1552,58,13,443.96,6,1,0,10,DE,female,sms,internet
user_1121@example.com,Customer Name 1121,40,1172,45,1.6516931725026205,-0.053477646328888795,8,577.93,48.16,19,375,4,0,119.74000000000001,10,1,0,3,ES,female,sms,tv
user_789@example.com,Customer Name 789,65,2425,79,0.725487325207617,0.24233157991490029,12,541.82,45.15,97,1243,59,3,142.98,12,1,0,5,DE,female,web_display,internet
user_1104@example.com,Customer Name 1104,37,6048,56,-1.6195461900180215,2.436427937066127,26,2050.94,170.91,4,494,22,2,147.03,10,4,0,10,IT,female,push_app,internet
user_952@example.com,Customer Name 952,29,1734,117,1.7943962934238344,1.3278461271687212,12,342.52,28.54,28,1129,28,1,332.93,5,0,0,2,FR,female,sms,mobile
user_930@example.com,Customer Name 930,21,7416,62,-0.7227466924989382,1.7893619251621526,48,3180.5,265.04,4,406,38,7,367.09000000000003,10,4,0,9,IT,male,sms,internet
user_821@example.com,Customer Name 821,51,1563,23,3.0194601169910715,-0.5877217475415053,8,365.63,30.47,111,564,27,5,37.83,26,9,0,5,FR,male,social,internet
user_531@example.com,Customer Name 531,50,2876,95,0.6906904934391436,-0.0976309354043281,4,163.93,13.66,12,1895,192,24,794.94,24,11,1,3,FR,female,web_display,internet
user_1124@example.com,Customer Name 1124,60,7884,84,-1.5300106515867662,1.4600395673554167,61,4516.79,376.4,8,1915,80,8,529.58,1,0,0,9,DE,male,web_display,bundle
user_1183@example.com,Customer Name 1183,59,4919,7,-1.3800086007559496,2.4129329764224448,31,513.61,42.8,103,682,96,26,113.78,1,0,0,9,FR,female,sms,bundle
user_466@example.com,Customer Name 466,21,1122,93,1.188381297447838,1.42360607946951,16,1037.8899999999999,86.49,20,1691,44,4,309.78,10,1,0,1,IT,female,sms,bundle
user_154@example.com,Customer Name 154,43,5891,35,-1.4138777216198517,1.6445979862912816,39,2701.07,225.09,20,1301,97,10,273.75,12,2,0,1,NL,female,sms,internet
user_53@example.com,Customer Name 53,26,2405,37,-0.9575798983758405,-1.7961993140097845,10,373.9,31.16,4,943,103,15,365.85,2,0,1,3,IT,other,sms,tv
user_7@example.com,Customer Name 7,38,7315,48,-1.5415054718604109,1.7145630959621045,31,1750.69,145.89,13,1595,135,24,385.01,18,5,0,10,FR,female,sms,bundle
user_176@example.com,Customer Name 176,68,7828,106,-1.1731314241944868,1.5402650044859145,36,784.04,65.34,44,277,9,0,237.12,25,1,0,8,FR,male,web_display,mobile
user_1105@example.com,Customer Name 1105,46,6778,60,-0.8306267428346613,1.8659104381165457,47,1438.43,119.87,17,1051,67,10,196.25,9,1,0,10,FR,female,web_display,tv
user_51@example.com,Customer Name 51,31,1251,36,1.7622059145401978,-0.3935103709864512,5,236.06,19.67,140,889,56,3,243.54,6,1,0,1,FR,other,social,mobile
user_199@example.com,Customer Name 199,20,7367,77,-1.3791531074846968,0.296579737362357,29,1556.49,129.71,144,315,43,9,214.49,10,2,0,9,NL,female,sms,tv
user_243@example.com,Customer Name 243,49,1791,107,1.9015823678951016,0.8796988385753853,23,814.8599999999999,67.9,11,860,63,9,527.06,23,10,0,1,NL,male,web_display,tv
user_910@example.com,Customer Name 910,41,1638,82,0.8928733079184419,1.0862446025171997,17,1082.26,90.19,29,1459,190,52,897.48,7,2,0,7,FR,female,social,internet
user_922@example.com,Customer Name 922,40,1647,10,2.6157989457926467,-0.17669403462341604,12,421.15,35.1,83,1987,181,14,242.96,21,9,0,8,FR,female,push_app,mobile
user_745@example.com,Customer Name 745,54,5853,10,-1.3422920498609294,-0.7887443435151603,10,297.74,24.81,26,250,17,4,158.72000000000003,17,0,0,8,ES,female,web_display,bundle
user_796@example.com,Customer Name 796,68,2416,64,1.6876114924293895,0.6069999852833781,20,1037.56,86.46,58,776,98,12,551.23,20,3,0,2,IT,male,web_display,internet
user_1126@example.com,Customer Name 1126,64,1066,86,1.9570726195014196,0.5112054468139899,20,1369.84,114.15,18,132,3,0,226.29,16,1,0,10,IT,male,social,mobile
user_494@example.com,Customer Name 494,51,1950,15,1.4329451340812729,-0.021326170395264132,8,128.64,10.72,102,1595,32,2,16.2,8,1,0,9,DE,male,sms,mobile
user_146@example.com,Customer Name 146,22,1411,35,2.245881778006881,1.1883732893063104,18,1171.09,97.59,16,831,10,2,60.730000000000004,8,0,0,10,ES,male,sms,bundle
user_852@example.com,Customer Name 852,66,7251,64,-1.864327794113613,0.7429065110080975,33,2075.05,172.92,67,876,126,21,534.22,19,7,0,5,NL,female,push_app,mobile
user_758@example.com,Customer Name 758,20,6383,29,-0.47078445800408136,3.1614605355473584,33,1131.96,94.33,27,690,91,10,486.63,14,3,0,8,IT,female,sms,bundle
user_575@example.com,Customer Name 575,30,1899,48,2.1192699559948345,0.03815392697789516,15,433.54999999999995,36.13,16,326,24,1,222.84,17,5,0,1,IT,male,sms,tv
user_1017@example.com,Customer Name 1017,33,3910,97,1.2555514333108735,-1.633825166161827,1,11.96,1.0,245,503,37,5,155.85,11,1,1,1,NL,female,sms,internet
user_1138@example.com,Customer Name 1138,60,1064,15,1.6323495367287604,-0.4318321612946363,14,754.23,62.85,114,543,47,2,41.64,1,0,0,4,FR,female,sms,mobile
user_379@example.com,Customer Name 379,63,7419,58,0.1954534058355673,-0.6081147014804236,9,470.5,39.21,49,406,32,6,371.28999999999996,17,1,0,5,IT,male,push_app,internet
user_1088@example.com,Customer Name 1088,33,5432,112,-1.9804997874577113,1.304136177219932,36,1519.46,126.62,143,230,28,2,15.6,29,12,0,10,FR,female,web_display,bundle
user_1127@example.com,Customer Name 1127,42,2321,4,0.8968596478828821,0.41179349294626816,18,1072.68,89.39,4,909,22,1,182.4,1,0,0,1,IT,male,push_app,mobile
user_944@example.com,Customer Name 944,45,1415,34,0.8814194829750361,1.5452782848407884,28,1244.58,103.71,25,1700,250,15,869.4300000000001,5,1,0,9,ES,female,social,mobile
user_351@example.com,Customer Name 351,39,1796,82,1.022669387876192,0.2955626835726868,22,1083.38,90.28,3,1647,93,24,605.05,15,4,0,8,FR,male,web_display,mobile
user_1119@example.com,Customer Name 1119,67,4450,93,-0.11359150510677757,1.5255306618483961,45,822.38,68.53,23,696,43,8,232.87,21,2,0,9,NL,male,push_app,mobile
user_684@example.com,Customer Name 684,57,6847,99,-1.8015009671912399,2.4657343423382456,44,3047.4500000000003,253.95,24,285,38,5,324.28,27,11,0,9,NL,female,sms,bundle
user_310@example.com,Customer Name 310,41,1367,16,1.222364208423343,1.4607532400695489,14,610.4100000000001,50.87,27,605,24,3,200.97000000000003,19,5,0,3,FR,male,social,internet
user_700@example.com,Customer Name 700,69,1414,17,-1.6908883472223903,-0.45316650982331774,12,595.1400000000001,49.6,8,1106,133,18,808.85,20,2,1,4,FR,female,sms,bundle
user_13@example.com,Customer Name 13,41,6533,15,-0.4857019085392078,1.7590115548037535,50,1762.67,146.89,31,1908,210,55,582.14,0,0,0,8,ES,female,web_display,internet
user_59@example.com,Customer Name 59,24,4317,20,-0.8874793504023084,-0.5793400315150024,6,241.76,20.15,1,1118,115,23,577.66,16,1,0,3,ES,female,push_app,mobile
user_926@example.com,Customer Name 926,33,871,27,2.014377511278387,-0.3195771878668501,9,347.51,28.96,168,1608,32,2,42.92,12,5,0,1,IT,female,web_display,bundle
user_509@example.com,Customer Name 509,33,1926,100,1.5631925361264187,1.151594531322751,18,406.88,33.91,6,345,43,9,276.04999999999995,5,1,0,2,NL,male,push_app,mobile
user_1036@example.com,Customer Name 1036,51,5201,99,-0.7304427677469387,1.389840575156436,59,3724.9,310.41,49,1917,184,16,329.14,1,0,0,9,IT,male,push_app,mobile
user_257@example.com,Customer Name 257,50,4280,78,0.9712081234557903,0.6649931769613243,40,2557.8,213.15,104,1873,98,2,251.61,22,3,0,8,IT,female,sms,bundle
user_679@example.com,Customer Name 679,34,6525,91,-1.7646397756822254,1.9875446859652945,43,1147.29,95.61,31,1419,168,20,1016.8399999999999,19,5,0,9,ES,female,push_app,tv
user_517@example.com,Customer Name 517,64,5225,3,-1.134884843389037,2.619864240483144,55,3139.8100000000004,261.65,12,611,24,5,511.75,6,0,0,8,IT,male,web_display,mobile
user_306@example.com,Customer Name 306,65,4207,96,-1.8783326749181932,1.5008617398945219,48,1792.53,149.38,23,1838,191,16,715.74,9,3,0,7,NL,female,sms,bundle
user_331@example.com,Customer Name 331,52,1066,91,1.6231728279841449,0.37969762410921537,6,139.33,11.61,162,417,32,7,79.01,11,4,0,3,FR,female,sms,mobile
user_703@example.com,Customer Name 703,42,2381,73,0.3072932898236674,0.5597834914440399,17,1014.93,84.58,4,776,9,2,292.08,6,1,0,10,FR,female,push_app,mobile
user_568@example.com,Customer Name 568,18,7852,46,-1.691281748709186,1.4722517924396443,48,2990.14,249.18,38,276,10,2,284.51,21,7,0,10,ES,male,social,tv
user_329@example.com,Customer Name 329,35,1771,72,0.3752475278718144,0.750860795064863,19,733.36,61.11,12,1956,129,2,898.6500000000001,17,7,0,2,ES,other,web_display,bundle
user_452@example.com,Customer Name 452,39,2111,121,0.2756763894526266,-1.7673007464513795,13,552.1800000000001,46.02,9,411,56,4,501.49999999999994,19,6,1,2,ES,male,push_app,mobile
user_668@example.com,Customer Name 668,52,4021,28,-0.5431184108930402,2.191327739929922,50,1175.64,97.97,3,1053,60,13,372.90999999999997,17,7,0,9,FR,female,sms,tv
user_886@example.com,Customer Name 886,51,5620,16,-1.2902729503795975,1.173122142281609,31,2418.12,201.51,100,1745,194,24,262.6,22,8,0,10,FR,male,web_display,internet
user_223@example.com,Customer Name 223,20,986,57,0.9734066500089031,0.2991477209719159,22,741.49,61.79,23,1800,208,35,284.55,19,1,0,2,FR,male,web_display,bundle
user_659@example.com,Customer Name 659,40,1509,11,-0.9181924912304336,-1.9937378783466184,10,238.61,19.88,9,519,21,6,136.59,16,3,0,7,ES,female,social,bundle
user_1023@example.com,Customer Name 1023,60,1170,111,1.7891932979633953,0.22628721594759282,17,1006.65,83.89,150,245,14,1,7.35,17,6,0,7,NL,female,sms,internet
user_1200@example.com,Customer Name 1200,26,1879,79,0.8158052420036399,0.8095526076858727,14,501.47,41.79,13,1556,64,15,210.2,22,10,0,5,NL,male,web_display,bundle
user_581@example.com,Customer Name 581,67,2327,25,0.4253273926955822,1.1340917142558187,19,642.3599999999999,53.53,8,1318,67,15,592.83,28,10,0,2,FR,female,push_app,mobile
user_529@example.com,Customer Name 529,56,1525,21,1.0643220273941787,0.050566593107764346,13,142.99,11.92,93,359,40,2,197.09,17,7,0,7,IT,female,web_display,internet
user_737@example.com,Customer Name 737,62,1031,112,1.4661180671779452,0.37293736958295864,14,784.37,65.36,37,1377,70,2,603.5,3,0,0,8,NL,female,push_app,bundle
user_344@example.com,Customer Name 344,20,5540,49,-1.3952188564067487,1.0828535347098787,52,1492.9,124.41,28,1646,172,9,271.7,7,1,0,9,FR,male,social,mobile
user_657@example.com,Customer Name 657,38,6773,11,-0.12846072808840844,1.107447184677358,60,1494.4499999999998,124.54,25,566,46,1,117.09,7,2,0,8,FR,other,web_display,mobile
user_1143@example.com,Customer Name 1143,32,6342,11,-1.639894897910694,1.259825743761305,38,1942.26,161.86,52,801,87,13,217.09,23,5,0,9,IT,male,web_display,bundle
user_614@example.com,Customer Name 614,66,7656,32,0.9868439788809991,-1.0636005711094718,7,342.92,28.58,53,1358,59,3,458.96000000000004,4,1,1,1,IT,female,sms,mobile
user_97@example.com,Customer Name 97,62,4171,11,-0.0807783678139172,1.7234113093317176,51,2937.1600000000003,244.76,6,339,48,8,454.26000000000005,29,13,0,9,IT,female,social,mobile
user_651@example.com,Customer Name 651,33,2217,121,2.03803074806672,0.5691305901083005,26,1118.28,93.19,13,639,15,2,258.53,20,0,0,6,IT,female,web_display,internet
user_338@example.com,Customer Name 338,31,7461,42,-0.414112360715708,3.185627799943094,65,1796.16,149.68,16,505,8,1,267.56,13,4,0,9,ES,female,sms,internet
user_1074@example.com,Customer Name 1074,61,1630,45,2.2115586480699756,0.6167131007874666,8,240.25,20.02,14,1238,49,5,146.52,15,1,0,7,IT,male,social,bundle
user_1113@example.com,Customer Name 1113,62,6598,75,-1.7730533953439975,1.2846321308376645,40,2043.7199999999998,170.31,21,149,16,4,114.06,7,0,0,7,NL,male,sms,bundle
user_914@example.com,Customer Name 914,19,998,5,1.4765142163050187,0.6843059076205841,14,360.65999999999997,30.05,29,1062,32,1,311.17,25,9,0,3,FR,female,push_app,mobile
user_1083@example.com,Customer Name 1083,21,1342,79,1.6664133242036092,-0.23321870640355852,16,524.36,43.7,1,1874,187,29,810.68,18,8,0,7,FR,female,push_app,internet
user_1038@example.com,Customer Name 1038,65,1521,82,1.825233993228723,0.5318954635300761,11,572.55,47.71,124,1153,160,30,698.86,24,4,0,8,FR,female,social,bundle
user_1045@example.com,Customer Name 1045,44,1217,60,0.8956685156821333,0.6385933512244614,8,371.96000000000004,31.0,12,1625,23,6,129.02,28,13,0,9,ES,female,sms,bundle
user_148@example.com,Customer Name 148,31,4827,42,-0.10851224237451607,-0.8519042800968141,5,185.63,15.47,7,1535,220,33,695.58,9,1,0,1,ES,female,push_app,mobile
user_382@example.com,Customer Name 382,58,972,81,2.0344899386213,-0.5958521938189262,14,708.34,59.03,6,748,94,2,429.01,20,9,0,2,NL,male,social,internet
user_1089@example.com,Customer Name 1089,28,5764,72,-0.9666260395328263,1.0144760082448576,60,2957.63,246.47,27,832,22,5,154.08,2,0,0,2,ES,female,sms,tv
user_1189@example.com,Customer Name 1189,40,6518,117,1.298645502300582,-0.667531289171416,3,131.72,10.98,233,1305,52,9,177.09,26,7,1,4,NL,other,sms,tv
user_660@example.com,Customer Name 660,33,4311,17,-0.7586367345831817,2.161448427536288,47,2785.02,232.08,40,1731,200,25,710.7099999999999,10,3,0,9,IT,male,social,internet
user_387@example.com,Customer Name 387,63,5163,116,-0.6074022972403035,2.1014706049448053,44,1538.49,128.21,47,1575,109,3,507.97,10,1,0,9,IT,female,social,internet
user_974@example.com,Customer Name 974,66,6954,117,-0.11547722417040743,2.1100748186498297,32,777.2,64.77,10,1178,56,10,237.29000000000002,22,5,0,8,FR,female,social,mobile
user_813@example.com,Customer Name 813,38,913,106,0.6352193968145732,1.346598631310921,24,615.5,51.29,60,1604,88,24,445.73,22,9,0,5,ES,male,sms,mobile
user_894@example.com,Customer Name 894,55,2456,37,0.517547726669725,1.0194697291927315,14,487.7,40.64,20,1011,102,30,479.49,22,2,0,7,ES,male,web_display,bundle
user_340@example.com,Customer Name 340,65,7805,58,-1.1970381359605826,-0.08710216864929521,42,2646.76,220.56,144,1048,50,11,108.43,5,0,0,7,DE,male,sms,mobile
user_857@example.com,Customer Name 857,48,4527,57,-0.23523594752847954,2.744508480815454,34,975.5,81.29,13,1058,103,19,377.5,25,10,0,10,NL,female,social,tv
user_377@example.com,Customer Name 377,47,7539,115,-0.9205548291210288,1.6319930250938954,32,1649.92,137.49,5,615,79,13,245.2,2,0,0,9,ES,female,social,bundle
user_772@example.com,Customer Name 772,45,4389,4,-2.145952516094715,1.8371894561032904,34,1163.07,96.92,2,1135,120,16,624.81,0,0,0,8,ES,male,web_display,internet
user_734@example.com,Customer Name 734,55,863,34,0.9187607626069574,0.20559970265894367,14,613.45,51.12,55,1901,51,2,129.84,7,2,0,3,DE,female,push_app,mobile
user_1136@example.com,Customer Name 1136,55,5836,78,-1.980141932310493,2.5819748910381275,33,1550.2,129.18,17,133,1,0,47.36,14,3,0,8,IT,male,push_app,bundle
user_689@example.com,Customer Name 689,19,1168,51,1.3431046325233995,1.3026974775822406,10,368.65999999999997,30.72,18,726,90,23,384.39,20,3,0,2,DE,female,push_app,mobile
user_1068@example.com,Customer Name 1068,57,984,72,0.8694377681200434,0.028209456116625176,9,535.67,44.64,15,1875,55,7,290.53000000000003,26,2,0,3,IT,male,web_display,internet
user_402@example.com,Customer Name 402,57,5492,71,-0.9340123435377234,3.258082623052566,46,3260.13,271.68,16,1041,70,16,220.76,10,2,0,10,NL,male,social,internet
user_975@example.com,Customer Name 975,52,5062,9,-0.6072177559870979,2.155001947238955,56,1525.57,127.13,16,1603,41,5,346.95,25,0,0,10,FR,female,web_display,tv
user_315@example.com,Customer Name 315,66,5950,71,-0.6288696903589406,1.9919394149414207,56,1101.15,91.76,3,1144,80,7,324.64,3,0,0,9,DE,male,push_app,tv
user_5@example.com,Customer Name 5,60,1949,28,1.707634717184611,0.6880109704913974,17,881.08,73.42,11,1213,141,9,219.16,20,3,0,2,ES,male,push_app,mobile
user_1118@example.com,Customer Name 1118,35,4251,25,-2.0674137059273767,1.8668427834647074,62,3576.13,298.01,12,1280,142,31,177.74,5,2,0,8,FR,female,sms,tv
user_91@example.com,Customer Name 91,62,3562,80,1.0474181336759307,-2.4840137835086935,6,283.15999999999997,23.6,60,1325,171,49,562.1,26,7,1,4,ES,male,push_app,bundle
user_676@example.com,Customer Name 676,26,1809,62,1.0369501469906828,-0.04736154858266983,16,713.01,59.42,23,1696,143,12,711.27,2,0,0,2,FR,female,web_display,tv
user_465@example.com,Customer Name 465,56,6252,78,-1.4921784606964386,1.5599350647869006,61,1445.4,120.45,31,1201,20,1,159.53,25,7,0,10,ES,female,sms,bundle
user_931@example.com,Customer Name 931,42,2453,14,1.6538885852987568,-0.123038675656506,11,380.03,31.67,53,1656,143,17,634.5899999999999,19,6,0,10,FR,male,web_display,bundle
user_411@example.com,Customer Name 411,44,1720,116,0.4940120904638615,1.7493682265263577,19,846.24,70.52,21,1650,190,7,1001.96,18,5,0,6,NL,male,social,mobile
user_977@example.com,Customer Name 977,32,1685,18,1.1606299453310058,-1.3344541518395066,5,315.72,26.31,54,645,37,11,110.9,25,0,1,3,ES,male,social,tv
user_290@example.com,Customer Name 290,33,1021,117,1.4349945094417904,0.9814662017083637,20,637.63,53.14,27,873,10,2,347.67,11,5,0,4,ES,female,sms,mobile
user_365@example.com,Customer Name 365,45,7191,59,-0.8396467646647967,1.3835702607198872,40,1723.28,143.61,27,1032,20,2,179.57,3,1,0,10,IT,male,web_display,mobile
user_1128@example.com,Customer Name 1128,28,1996,71,0.9818672756338797,-1.1101256350450082,17,1051.22,87.6,136,1778,240,71,701.76,6,2,0,6,NL,male,social,internet
user_714@example.com,Customer Name 714,43,2146,37,1.8267762852290184,0.6635099633271166,24,1586.79,132.23,28,290,16,1,215.52,4,1,0,9,IT,female,sms,tv
user_122@example.com,Customer Name 122,45,2839,40,-0.18550349996339316,-1.0416975249848701,7,420.02,35.0,57,441,20,2,273.45,16,4,1,2,NL,female,web_display,bundle
user_948@example.com,Customer Name 948,23,5570,62,0.4523130583407315,-1.8934892336258495,7,493.09999999999997,41.09,1,1454,169,19,718.61,26,5,1,3,ES,female,social,mobile
user_618@example.com,Customer Name 618,40,2344,79,1.6183003966665126,1.1338601670103627,30,999.06,83.26,25,1057,29,1,453.9,24,11,0,6,DE,female,web_display,tv
user_818@example.com,Customer Name 818,66,3536,110,0.09801571230371925,-0.19293015947810133,5,159.64,13.3,25,1268,92,1,367.01,7,1,1,2,FR,male,social,mobile
user_825@example.com,Customer Name 825,38,4032,84,-0.5839260514940525,0.6478188892846298,52,1984.6000000000001,165.38,6,1913,47,12,144.48,23,4,0,6,ES,male,push_app,mobile
user_1111@example.com,Customer Name 1111,22,7206,36,-0.5088559738049753,1.1246313059364306,31,899.99,75.0,60,844,98,12,391.91,28,1,0,8,FR,male,social,mobile
user_43@example.com,Customer Name 43,68,4350,21,0.20264128038203427,2.2578043168906032,59,1995.42,166.28,60,1636,105,24,372.39,10,0,0,8,DE,female,sms,mobile
user_650@example.com,Customer Name 650,64,4390,15,-1.552920849033814,2.6940823521972046,61,776.98,64.75,46,794,11,1,142.8,24,3,0,8,IT,male,sms,mobile
user_1086@example.com,Customer Name 1086,50,1748,86,0.43146329215563173,0.1290449110837979,21,1278.3200000000002,106.53,25,1191,12,1,76.59,11,2,0,7,IT,female,sms,bundle
user_524@example.com,Customer Name 524,33,5715,67,-1.7455583204288119,2.2309443126806583,42,1733.27,144.44,28,268,21,2,336.04,17,7,0,9,NL,male,push_app,tv
user_1176@example.com,Customer Name 1176,58,4942,49,-1.39491468469651,-1.24815130828868,4,134.35000000000002,11.2,4,270,7,1,43.92,19,3,0,1,FR,female,social,tv
user_174@example.com,Customer Name 174,49,5106,46,-0.8527765523652533,2.0586569088905877,65,2528.0600000000004,210.67,51,329,44,11,421.57,24,8,0,8,DE,female,sms,internet
user_596@example.com,Customer Name 596,67,937,88,1.5576379550486843,0.4809284213458943,10,242.51999999999998,20.21,24,656,43,8,125.23,25,8,0,1,ES,female,sms,internet
user_225@example.com,Customer Name 225,54,2220,102,2.1865541575548955,0.17424609845867461,28,1326.92,110.58,7,1825,194,28,777.11,13,2,0,2,FR,other,social,bundle
user_1180@example.com,Customer Name 1180,56,1259,56,1.1906687167251004,0.11507132032305628,8,350.40999999999997,29.2,28,657,49,3,268.41,13,0,0,4,ES,female,push_app,mobile
user_437@example.com,Customer Name 437,33,1446,116,2.48111331192154,-0.10146436252286783,16,1053.09,87.76,48,488,59,0,224.45,7,1,0,4,NL,male,sms,internet
user_511@example.com,Customer Name 511,54,1564,15,1.0825109139215439,0.5339173032072718,17,856.89,71.41,3,1043,13,0,98.56,23,2,0,5,ES,female,web_display,internet
user_375@example.com,Customer Name 375,61,1520,39,1.651258056351274,-0.15672104063873357,11,621.48,51.79,28,887,24,2,106.02000000000001,23,7,0,10,NL,male,web_display,bundle
user_48@example.com,Customer Name 48,35,2112,60,-0.45666389483608766,-0.6346653229185466,14,791.76,65.98,5,1151,136,36,901.51,9,4,1,3,IT,other,web_display,internet
user_940@example.com,Customer Name 940,36,6152,95,0.5473293749794818,-0.9340148706942927,2,122.97,10.25,18,1199,136,13,531.29,11,5,1,2,ES,female,web_display,internet
user_313@example.com,Customer Name 313,69,1287,121,0.8590468056559795,-0.033823434188533535,19,685.96,57.16,5,183,7,1,235.93,1,0,0,5,FR,female,social,internet
user_724@example.com,Customer Name 724,25,6752,77,-1.7924191873409046,1.8770111402577496,41,2443.84,203.65,13,1269,42,6,372.72999999999996,15,1,0,9,IT,female,sms,internet
user_779@example.com,Customer Name 779,54,4280,100,-0.8478793140923924,2.1819881577429445,59,1474.01,122.83,3,271,18,0,113.97,5,1,0,9,FR,male,social,tv
user_427@example.com,Customer Name 427,42,7905,40,-0.09946762758157551,1.709170715898233,63,2687.17,223.93,37,1941,199,15,270.95000000000005,15,4,0,8,DE,female,push_app,mobile
user_542@example.com,Customer Name 542,36,840,101,-1.512428581728516,-0.727302840117123,5,225.73000000000002,18.81,24,1454,41,6,325.48,2,0,1,4,ES,male,sms,mobile
user_302@example.com,Customer Name 302,26,4946,28,1.33930251690252,-1.7181067036669202,5,136.44,11.37,404,512,22,1,107.58,18,6,0,1,NL,male,sms,internet
user_124@example.com,Customer Name 124,26,7931,13,-1.587406867985191,2.4854347882212067,41,3129.5600000000004,260.8,30,161,23,1,369.54,2,0,0,8,ES,female,web_display,mobile
user_308@example.com,Customer Name 308,20,4848,44,-1.7565145536556686,2.9903767457455395,46,2992.36,249.36,24,569,16,1,385.26,12,2,0,9,ES,male,push_app,tv
user_389@example.com,Customer Name 389,52,1089,4,1.7557262027857459,0.21527643742812155,17,401.94,33.49,24,158,22,4,98.46,15,3,0,2,ES,male,social,mobile
user_450@example.com,Customer Name 450,42,917,67,1.100539196907791,1.4412201689161046,15,902.79,75.23,29,1401,20,5,382.15000000000003,7,2,0,5,NL,female,web_display,tv
user_927@example.com,Customer Name 927,25,4708,81,-0.13556591414002345,2.5195002896078056,39,2624.06,218.67,59,1479,74,0,393.98,4,0,0,9,ES,male,web_display,internet
user_1067@example.com,Customer Name 1067,33,3151,38,0.8117352048919404,-0.6050907029858008,4,96.06,8.01,256,1085,107,20,81.5,23,1,1,2,FR,female,web_display,bundle
user_71@example.com,Customer Name 71,23,3395,10,-0.25086741679013835,-1.928874491428918,10,620.9300000000001,51.74,15,919,65,5,389.16,11,2,1,4,ES,female,web_display,mobile
user_273@example.com,Customer Name 273,58,5621,52,0.5125180136832309,-0.25898884225013896,42,3313.67,276.14,110,804,78,1,367.21,21,8,0,3,ES,male,push_app,mobile
user_240@example.com,Customer Name 240,43,2417,39,2.047271558941946,-0.1963901564194479,20,1104.91,92.08,23,1491,82,13,136.49,23,6,0,9,NL,female,sms,internet
user_836@example.com,Customer Name 836,54,7991,16,-0.5579671724772308,1.05529063582373,30,1017.16,84.76,169,1573,231,26,1011.57,15,3,0,8,ES,female,web_display,internet
user_103@example.com,Customer Name 103,42,1643,120,1.9006564061970403,0.9363105520633637,18,773.9000000000001,64.49,15,1719,90,11,503.34000000000003,8,3,0,8,FR,female,push_app,internet
user_93@example.com,Customer Name 93,64,1336,19,1.399731822209723,1.270583067411558,14,410.74,34.23,13,217,23,5,239.49,18,6,0,1,IT,female,push_app,internet
user_655@example.com,Customer Name 655,42,2480,88,1.098553779161725,0.8933124103799925,17,1207.44,100.62,103,948,30,0,38.55,6,1,0,8,ES,male,sms,bundle
user_362@example.com,Customer Name 362,38,5884,45,-0.27697059685372843,1.0667926476423926,53,1712.3000000000002,142.69,33,1926,204,3,718.56,3,0,0,6,DE,male,social,bundle
user_198@example.com,Customer Name 198,58,905,9,1.4554583745313754,0.9115953951521549,13,168.06,14.0,114,1758,44,10,29.04,15,5,0,7,ES,female,push_app,internet
user_202@example.com,Customer Name 202,25,2797,6,0.5898167017359723,-1.5522759084145994,6,290.81,24.23,7,1022,120,27,255.42000000000002,16,0,0,6,ES,male,social,internet
user_1013@example.com,Customer Name 1013,40,6430,37,-0.6206603974877976,2.4394539467777063,52,2359.73,196.64,75,165,20,2,38.17,3,0,0,10,ES,female,social,bundle
user_933@example.com,Customer Name 933,49,825,98,0.6492356085818138,-0.03823640044510335,19,245.19,20.43,15,534,23,2,97.31,14,2,0,10,FR,male,sms,bundle
user_582@example.com,Customer Name 582,52,5411,109,-1.9777190836532283,1.7602548495595631,35,733.25,61.1,24,1643,90,17,389.51,14,2,0,8,DE,female,sms,bundle
user_1000@example.com,Customer Name 1000,55,5410,29,-1.236472501669273,0.9193533355721383,47,1445.45,120.45,42,807,52,14,381.37,11,2,0,10,DE,female,sms,mobile
user_118@example.com,Customer Name 118,22,7202,84,0.09365417038999733,-1.3136191407290578,6,163.91,13.66,14,970,47,10,241.08,16,2,1,4,NL,male,social,mobile
user_83@example.com,Customer Name 83,65,1556,26,2.1134822273660943,-0.1410621688637094,17,773.89,64.49,36,344,45,0,108.68,29,10,0,4,ES,male,sms,internet
user_311@example.com,Customer Name 311,50,3661,80,0.2967774969471991,-0.14784527034853723,10,569.8499999999999,47.49,30,1809,235,42,1004.12,13,0,0,2,ES,male,web_display,mobile
user_903@example.com,Customer Name 903,46,868,56,0.8418358586386692,0.09020289189517477,15,425.48,35.46,3,768,92,7,458.92999999999995,25,3,0,8,ES,female,push_app,internet
user_316@example.com,Customer Name 316,25,1023,40,2.229293640014702,0.5341062116163087,22,1410.1100000000001,117.51,3,1581,171,34,618.27,6,1,0,8,NL,female,social,bundle
user_559@example.com,Customer Name 559,67,1490,95,1.8419449412850506,0.48365064129607216,16,852.24,71.02,50,1637,175,39,811.5,20,5,0,1,ES,male,web_display,tv
user_947@example.com,Customer Name 947,38,2355,4,1.344862133329679,0.9892761049869133,19,1062.55,88.55,3,667,85,16,281.73,15,5,0,6,ES,female,social,internet
user_467@example.com,Customer Name 467,23,4497,74,-1.7030847838507137,2.5799791388495183,47,2590.6600000000003,215.89,11,1203,24,1,350.94,20,3,0,9,DE,female,social,bundle
user_277@example.com,Customer Name 277,35,5026,107,0.0643630661416793,1.4065509458653291,35,2327.33,193.94,29,253,20,5,136.06,15,4,0,10,FR,male,push_app,mobile
user_428@example.com,Customer Name 428,41,6079,86,-0.3003858802148409,1.1493538310070388,70,2617.5099999999998,218.13,18,853,57,3,598.11,8,2,0,3,IT,female,social,tv
user_795@example.com,Customer Name 795,35,1336,108,0.6209377191764114,-0.44025970709421536,11,277.79,23.15,64,975,104,9,420.36,17,0,0,1,ES,male,sms,bundle
user_386@example.com,Customer Name 386,66,934,22,2.1298047995871214,-0.16869514408769803,21,851.92,70.99,4,1660,121,9,524.12,8,0,0,1,DE,female,sms,bundle
user_550@example.com,Customer Name 550,33,4717,5,-1.43843063616304,1.811968340923917,55,3238.04,269.84,29,1359,84,11,550.14,14,3,0,8,FR,female,social,tv
user_804@example.com,Customer Name 804,62,2189,10,-1.3036102099276645,-1.6734267371603924,13,841.77,70.15,27,1600,85,21,863.3499999999999,28,5,1,4,NL,male,sms,tv
user_635@example.com,Customer Name 635,30,3122,44,0.42887429583909836,-0.8105103256251722,4,278.84000000000003,23.24,31,629,22,6,262.1,4,0,0,2,FR,female,sms,internet
user_420@example.com,Customer Name 420,65,6247,97,-0.29242020820212766,1.3465095178959794,58,3511.72,292.64,61,1832,192,22,932.92,22,9,0,10,FR,female,sms,tv
user_201@example.com,Customer Name 201,23,7887,82,-1.4539798985377446,0.6703618167924601,44,1678.56,139.88,163,544,50,6,91.9,3,1,0,10,ES,male,push_app,bundle
user_442@example.com,Customer Name 442,32,1591,31,1.24035938108228,2.0420257356306157,21,639.14,53.26,29,1024,65,5,327.55,27,10,0,4,FR,male,web_display,internet
user_94@example.com,Customer Name 94,41,5751,110,-2.1095407062181453,0.9250818247992694,68,4082.8199999999997,340.23,10,108,14,3,258.71000000000004,28,10,0,2,IT,male,sms,internet
user_984@example.com,Customer Name 984,31,5522,103,-0.9797266179869282,1.6711413904138075,41,2541.64,211.8,91,716,74,8,215.94,13,1,0,10,NL,female,sms,mobile
user_749@example.com,Customer Name 749,37,1044,105,1.5243175114431666,-2.2810925453771764,9,218.32,18.19,57,743,57,13,139.39999999999998,15,1,0,6,NL,male,sms,tv
user_229@example.com,Customer Name 229,19,1646,121,1.2676858142847613,-0.5254210207527477,10,500.64,41.72,41,1997,248,33,470.49,23,10,0,3,FR,female,social,tv
user_227@example.com,Customer Name 227,34,5324,10,-1.1980265817343332,2.219518201233134,37,627.8,52.32,37,439,33,2,252.37,14,3,0,10,IT,female,social,mobile
user_761@example.com,Customer Name 761,28,1233,10,1.9785809025518684,0.19351491330561305,24,983.28,81.94,35,297,37,5,144.7,29,7,0,3,FR,female,web_display,bundle
user_1134@example.com,Customer Name 1134,26,1927,92,1.9266734369812244,1.0333915529573292,16,692.54,57.71,6,1782,172,25,587.66,18,3,0,3,NL,male,sms,internet
user_45@example.com,Customer Name 45,38,1925,71,2.0619995656256265,0.9736321962837213,15,445.84,37.15,30,1564,181,41,931.54,5,2,0,4,IT,female,sms,tv
user_238@example.com,Customer Name 238,19,5934,85,-1.883829885629406,1.933127890846379,47,2546.37,212.2,10,1567,183,32,824.9599999999999,8,0,0,8,ES,female,social,bundle
user_553@example.com,Customer Name 553,45,2874,74,-1.1889634850700137,-1.3278031360314246,1,68.47,5.71,339,298,7,0,8.27,0,0,0,3,ES,female,push_app,bundle
user_418@example.com,Customer Name 418,26,2244,59,0.25948200091291745,1.3480628175723761,25,638.46,53.21,18,1364,137,1,458.97999999999996,16,6,0,1,ES,female,web_display,mobile
user_303@example.com,Customer Name 303,58,2120,10,1.3040313278099451,-0.7187809456448686,16,1044.67,87.06,109,1766,37,8,48.89,3,0,0,8,IT,other,sms,bundle
user_1158@example.com,Customer Name 1158,22,2099,112,0.9412780750433061,0.7252705444639722,11,340.18,28.35,34,331,3,0,9.91,9,2,0,6,NL,female,sms,tv
user_412@example.com,Customer Name 412,59,1254,90,2.119038457872374,1.8254769673633906,26,823.5799999999999,68.63,2,535,26,7,347.2,10,4,0,9,FR,female,social,mobile
user_641@example.com,Customer Name 641,36,4438,70,-1.469868568910282,1.5487708024516327,31,907.03,75.59,161,738,48,6,198.64,15,5,0,8,NL,female,web_display,internet
user_664@example.com,Customer Name 664,56,4760,74,-0.7993639999732652,0.8074049715904417,54,3903.38,325.28,54,990,70,3,457.65000000000003,10,2,0,4,FR,other,social,bundle
user_298@example.com,Customer Name 298,29,2320,23,1.6300601424090424,1.1584296440210635,13,585.06,48.76,35,525,36,2,98.95,22,10,0,7,ES,male,push_app,mobile
user_444@example.com,Customer Name 444,51,4110,104,-1.5643041058261384,-0.03575626117763808,10,469.74,39.15,11,872,124,17,627.17,19,0,0,5,ES,male,social,internet
user_300@example.com,Customer Name 300,54,5145,99,-1.669943008326464,2.554782710744344,31,997.68,83.14,9,194,26,3,230.0,29,3,0,10,ES,male,web_display,mobile
user_968@example.com,Customer Name 968,65,1566,101,1.019725573970411,-0.5115930721470703,14,352.88,29.41,175,1087,51,2,183.98,14,2,0,6,ES,female,social,bundle
user_879@example.com,Customer Name 879,28,7974,32,-1.455560686552238,1.0187667894210213,58,3477.91,289.83,26,1265,163,21,482.90999999999997,7,1,0,8,ES,female,sms,mobile
user_161@example.com,Customer Name 161,69,1769,28,0.5891830185682063,1.1986096328228788,19,848.71,70.73,5,1185,168,48,892.7400000000001,5,0,0,10,NL,male,sms,bundle
user_654@example.com,Customer Name 654,29,3952,23,-1.210044416440979,-0.04198182248494087,11,539.5,44.96,1,1882,69,6,435.95000000000005,29,5,1,3,FR,female,social,internet
user_335@example.com,Customer Name 335,50,5832,103,-0.7638359000007311,-2.572190591041124,8,363.96000000000004,30.33,21,1937,232,9,750.18,14,4,1,2,NL,male,web_display,mobile
user_1006@example.com,Customer Name 1006,35,5967,62,-0.4712693156938049,-2.5529612889014657,4,115.66,9.64,352,1251,96,18,410.62,14,6,1,1,FR,male,social,tv
user_560@example.com,Customer Name 560,52,1159,28,1.4560649901473526,0.9082334348577826,21,1208.96,100.75,41,769,34,7,281.73,19,1,0,4,ES,male,push_app,bundle
user_599@example.com,Customer Name 599,46,7089,80,0.05782971580877533,1.0674041960916338,34,1069.14,89.1,59,465,59,15,535.63,12,4,0,6,FR,female,web_display,tv
user_558@example.com,Customer Name 558,29,7211,119,-1.1685312874055818,-1.940210029153024,3,79.44,6.62,23,1651,34,0,114.38,11,0,0,10,ES,female,social,bundle
user_423@example.com,Customer Name 423,59,1823,45,1.3985068031863226,0.980477369805805,15,564.57,47.05,3,1015,45,12,266.46,4,1,0,1,IT,male,social,tv
user_247@example.com,Customer Name 247,55,2244,76,1.6048578682799717,0.7662347205898435,26,995.68,82.97,16,301,27,0,398.44,16,6,0,2,ES,other,push_app,internet
user_658@example.com,Customer Name 658,53,4573,28,-0.011644368476787001,2.1413290581064803,34,1870.85,155.9,28,1076,96,22,261.78999999999996,18,0,0,10,ES,female,sms,bundle
user_798@example.com,Customer Name 798,64,1623,57,1.5753107162721016,0.46080593246852763,7,141.93,11.83,129,434,45,13,38.65,3,0,0,1,IT,male,push_app,mobile
user_328@example.com,Customer Name 328,63,1440,105,1.0615471824197436,-0.33001696477295095,18,504.27,42.02,29,1229,71,8,403.32,26,3,0,5,ES,male,sms,tv
user_79@example.com,Customer Name 79,27,6766,95,1.2870549951165424,-1.9000058404024756,3,50.28,4.19,409,1469,194,52,702.54,23,9,1,1,NL,male,social,bundle
user_815@example.com,Customer Name 815,42,6761,7,-1.174302363084646,1.5788409564066097,36,1131.04,94.25,28,104,10,0,213.38,10,1,0,7,DE,female,push_app,tv
user_482@example.com,Customer Name 482,34,7856,64,-0.8127707519640768,1.1713153221443162,39,942.08,78.51,36,1167,172,20,718.84,15,7,0,10,IT,female,push_app,mobile
user_512@example.com,Customer Name 512,39,4590,107,-1.2045908843986608,1.9140550161265333,42,2084.23,173.69,14,847,48,1,273.17,12,2,0,8,ES,female,push_app,tv
user_6@example.com,Customer Name 6,25,5380,100,-0.06548453606057053,-0.9517465734887417,12,405.01,33.75,8,363,20,2,142.72,1,0,0,4,FR,female,social,tv
user_819@example.com,Customer Name 819,30,7743,67,-1.7946147319746204,1.4722032717250753,53,2083.6499999999996,173.64,6,450,62,0,158.62,19,7,0,10,ES,female,web_display,mobile
user_37@example.com,Customer Name 37,64,1017,49,1.3579093072641686,1.2447209261934762,18,965.8399999999999,80.49,25,1543,72,9,374.74,23,10,0,8,FR,male,sms,tv
user_1003@example.com,Customer Name 1003,29,4398,50,-0.4466395844543531,1.5409064828621297,39,647.54,53.96,24,1342,134,26,464.53999999999996,23,8,0,8,ES,male,sms,tv
user_837@example.com,Customer Name 837,54,2105,38,1.546275860931675,-0.254814867135553,22,1376.16,114.68,22,318,3,0,230.0,22,5,0,10,IT,male,web_display,bundle
user_404@example.com,Customer Name 404,41,7955,115,-1.3028853548936636,1.755840512018029,55,1512.02,126.0,66,497,65,13,208.31,4,0,0,9,IT,female,sms,internet
user_1156@example.com,Customer Name 1156,57,6692,46,-0.6095092583944131,2.1953279761466815,35,1471.53,122.63,24,1611,87,15,266.79999999999995,26,2,0,9,IT,female,push_app,bundle
user_854@example.com,Customer Name 854,49,6382,28,0.5357981162533676,-2.1511940150648634,3,100.75,8.4,24,1793,240,53,440.59,12,3,1,4,IT,female,social,mobile
user_788@example.com,Customer Name 788,45,1186,71,0.23231962854007027,0.7350564644404245,27,1707.1699999999998,142.26,29,1312,74,11,424.88,17,5,0,4,ES,other,push_app,mobile
user_1154@example.com,Customer Name 1154,49,7342,103,-1.6801677085517792,2.31890501737517,29,1039.18,86.6,28,1422,95,1,405.38,19,9,0,10,NL,female,push_app,mobile
user_1182@example.com,Customer Name 1182,36,5575,51,-0.000847858209390151,1.7743698256760774,34,2086.44,173.87,1,885,88,11,173.24,11,1,0,8,FR,female,sms,tv
user_134@example.com,Customer Name 134,61,1887,90,1.9123052167954118,1.8173876414428514,20,1334.92,111.24,12,1997,174,51,685.87,8,2,0,7,FR,female,sms,internet
user_1130@example.com,Customer Name 1130,65,2001,3,1.319054628240822,0.08503708312760422,13,541.44,45.12,6,1572,221,63,267.76,15,3,0,2,IT,female,web_display,internet
user_1025@example.com,Customer Name 1025,24,930,104,1.7082044550137263,0.3597568380399865,14,484.51,40.38,1,1653,131,21,766.79,28,4,0,1,NL,female,social,internet
user_88@example.com,Customer Name 88,57,4636,17,-1.6515431958177638,1.5253771451058096,44,3013.69,251.14,8,1662,126,1,324.26,11,4,0,8,ES,female,web_display,internet
user_1066@example.com,Customer Name 1066,51,1676,28,2.215842948659394,-0.04221885313501311,12,477.55,39.8,50,556,71,4,63.67,20,4,0,2,ES,female,social,tv
user_901@example.com,Customer Name 901,34,1575,68,0.41452026610598397,0.9867704374480081,19,295.60999999999996,24.63,22,582,51,4,340.12,23,7,0,3,IT,male,push_app,bundle
user_1188@example.com,Customer Name 1188,20,1417,13,0.8644362437445483,-0.5813303011026805,14,183.83,15.32,71,1384,162,46,171.17,23,10,0,4,ES,male,social,bundle
user_990@example.com,Customer Name 990,68,6146,40,-0.13345861432580625,-2.0328026649630764,3,157.39999999999998,13.12,16,146,4,0,68.5,3,0,0,3,ES,male,push_app,mobile
user_248@example.com,Customer Name 248,41,6958,117,0.30316303384776283,-1.1678114893530822,5,218.79,18.23,21,1069,39,0,267.90999999999997,12,2,1,1,IT,male,social,bundle
user_963@example.com,Customer Name 963,64,6491,81,-0.6906946559532654,2.8578815215636513,48,2923.49,243.62,10,109,8,0,194.58,9,1,0,10,DE,female,sms,tv
user_490@example.com,Customer Name 490,29,5366,35,-0.3400512391974407,-2.095169675911507,5,82.94,6.91,16,704,8,1,35.56,21,8,1,4,ES,male,web_display,tv
user_725@example.com,Customer Name 725,58,4479,105,-1.8876642199781113,1.5323458190212798,41,967.75,80.65,32,252,2,0,98.72000000000001,5,1,0,9,IT,female,push_app,tv
user_138@example.com,Customer Name 138,52,1367,48,1.795900160989358,-0.8416560297386951,20,1596.04,133.0,153,1649,122,17,594.2,26,5,0,3,IT,female,sms,tv
user_1187@example.com,Customer Name 1187,60,2191,40,2.1250218427855065,-1.025589935828653,18,1053.67,87.81,37,945,76,9,154.09,4,0,0,9,FR,female,social,internet
user_297@example.com,Customer Name 297,65,3856,42,-0.5351209997033306,-0.30583118995798164,16,713.49,59.46,11,1423,34,1,674.16,7,2,1,1,FR,male,sms,bundle
user_566@example.com,Customer Name 566,29,4254,39,-1.6486229844993612,1.4307899818838588,32,678.84,56.57,114,432,38,7,180.98,17,6,0,10,DE,male,web_display,internet
user_1@example.com,Customer Name 1,56,2109,53,0.9952967745855786,-0.004151052499979435,13,936.28,78.02,47,1542,160,7,429.36,18,5,0,8,FR,male,sms,bundle
user_849@example.com,Customer Name 849,30,1412,77,0.5461736107191156,1.3934866753194601,19,660.0500000000001,55.0,30,389,51,14,327.69,11,1,0,9,IT,female,sms,bundle
user_1097@example.com,Customer Name 1097,22,5616,18,-0.19991404186787454,2.2445779980563167,55,4281.65,356.8,19,1808,116,24,744.25,22,7,0,9,DE,female,sms,mobile
user_1008@example.com,Customer Name 1008,34,7011,94,-0.2358925385317904,1.589069332907984,30,742.5,61.88,5,431,33,1,260.75,25,8,0,9,IT,female,web_display,bundle
user_159@example.com,Customer Name 159,56,7921,79,0.47352266885470073,1.4916073771034635,27,1850.19,154.18,147,929,68,3,180.77,11,4,0,9,ES,male,push_app,internet
user_617@example.com,Customer Name 617,41,1233,51,0.5370955341671098,1.4087629256801069,12,308.61,25.72,53,447,23,2,127.37,4,0,0,2,ES,male,push_app,mobile
user_403@example.com,Customer Name 403,63,7081,35,-1.0478389688111567,0.1496597501587829,53,1850.19,154.18,114,627,28,2,58.91,23,5,0,9,FR,female,push_app,internet
user_541@example.com,Customer Name 541,27,6403,13,-0.6930291687507031,1.2668073052571507,43,2883.68,240.31,25,538,12,0,151.48,4,0,0,7,ES,female,push_app,tv
user_32@example.com,Customer Name 32,44,1883,110,2.0784615260547303,1.2347019541431759,19,1119.34,93.28,8,204,19,3,153.99,15,6,0,6,FR,male,sms,mobile
user_497@example.com,Customer Name 497,42,1656,79,2.097243952857771,1.811342292139912,20,477.68,39.81,26,630,59,4,533.87,14,3,0,6,IT,male,web_display,internet
user_197@example.com,Customer Name 197,30,5164,113,-1.4239613891832357,1.7529736011285433,61,1845.02,153.75,53,1133,32,2,420.53999999999996,22,10,0,10,NL,male,sms,mobile
user_648@example.com,Customer Name 648,69,1150,108,1.168167306865735,1.168381768937233,14,614.3299999999999,51.19,26,1813,202,14,637.1700000000001,0,0,0,10,FR,male,social,mobile
user_1034@example.com,Customer Name 1034,63,2770,88,-0.7238194540431326,-0.8219301685721027,8,468.45,39.04,2,814,64,8,516.0699999999999,19,3,1,1,ES,female,push_app,mobile
user_1081@example.com,Customer Name 1081,36,1031,80,0.9048038950138139,1.3974182667140047,19,825.81,68.82,13,637,38,2,322.53999999999996,18,2,0,3,IT,female,push_app,internet
user_997@example.com,Customer Name 997,64,3904,64,0.575892016828637,-1.6008809881356099,8,449.95000000000005,37.5,10,1024,52,0,430.04,18,8,1,2,NL,male,push_app,internet
user_1085@example.com,Customer Name 1085,68,7928,62,-1.9956026832101132,2.442464503381162,59,2257.06,188.09,25,244,11,2,86.57,19,4,0,9,DE,female,web_display,mobile
user_283@example.com,Customer Name 283,67,1786,81,0.9044006204478574,1.2894591719016066,18,846.2700000000001,70.52,11,473,40,7,323.23,7,1,0,9,IT,male,web_display,bundle
user_326@example.com,Customer Name 326,46,1724,86,2.326248042985324,0.11213217923107033,13,845.45,70.45,39,1764,58,12,248.0,22,2,0,6,ES,female,push_app,internet
user_76@example.com,Customer Name 76,43,6651,118,-0.11695876874572743,-1.561165279861795,9,507.03999999999996,42.25,1,1504,54,7,366.39,13,1,0,9,ES,female,social,mobile
user_564@example.com,Customer Name 564,60,7907,100,-0.524797380615913,1.2166243104589483,52,2902.84,241.9,27,1871,147,39,400.14,19,7,0,8,FR,female,sms,internet
user_1037@example.com,Customer Name 1037,67,6847,113,0.022699801627676486,2.0255982699903345,48,3533.7999999999997,294.48,6,914,61,4,178.96,6,0,0,8,DE,female,sms,internet
user_587@example.com,Customer Name 587,46,7619,17,-0.7691057739656637,-1.2826782083762005,10,479.96,40.0,25,192,6,0,81.06,13,6,1,3,DE,female,sms,mobile
user_835@example.com,Customer Name 835,40,1864,100,1.6101913456144685,0.16531399222295162,24,1439.95,120.0,36,969,14,0,385.09999999999997,26,9,0,6,FR,other,social,mobile
user_704@example.com,Customer Name 704,62,4428,34,0.05202239361168176,1.7888777536049623,48,1827.47,152.29,4,1206,148,23,376.87,16,2,0,9,NL,male,web_display,tv
user_349@example.com,Customer Name 349,68,5118,120,-1.9146669216994028,2.408686644006881,47,2897.55,241.46,12,1989,64,18,646.77,19,0,0,8,IT,male,push_app,mobile
user_281@example.com,Customer Name 281,45,1070,102,2.537675331841287,0.07040642560245369,21,962.2199999999999,80.18,2,1884,226,16,715.94,12,0,0,1,IT,female,sms,tv
user_1096@example.com,Customer Name 1096,46,1206,16,0.3937989587862856,-0.05802482285550484,10,186.93,15.58,3,100,2,0,72.10000000000001,25,8,0,3,IT,male,sms,internet
user_1051@example.com,Customer Name 1051,18,4364,100,-0.34611637290774877,2.6973330675001987,49,626.48,52.21,8,1007,71,2,139.49,21,5,0,10,IT,male,web_display,mobile
user_1120@example.com,Customer Name 1120,19,2257,23,2.2902124680214584,-0.12954704478560897,18,621.75,51.81,126,1719,35,2,75.46,18,4,0,1,NL,female,web_display,tv
user_1046@example.com,Customer Name 1046,39,1448,117,0.5704402917866678,-1.0174274916306967,3,113.69,9.47,2,1081,78,20,231.48999999999998,3,0,1,1,FR,male,social,internet
user_691@example.com,Customer Name 691,46,6837,110,-0.24955496080890027,2.137931136008917,29,335.89,27.99,177,107,15,2,17.38,21,8,0,8,NL,female,sms,bundle
user_530@example.com,Customer Name 530,53,5009,62,-1.7517454076078358,2.532780230887619,51,2553.0099999999998,212.75,11,1609,90,18,454.95,10,4,0,10,ES,female,push_app,bundle
user_438@example.com,Customer Name 438,31,1912,87,2.4589717106104905,-0.8077295194843167,20,613.84,51.15,110,1582,129,26,386.68,18,2,0,6,ES,female,sms,mobile
user_792@example.com,Customer Name 792,63,1448,49,2.379595023812096,-0.18504679080690223,15,975.95,81.33,22,906,135,17,946.37,13,4,0,4,IT,male,social,mobile
user_42@example.com,Customer Name 42,54,2775,8,1.1120487494957938,-1.7983769334557795,9,309.57,25.8,7,320,13,1,154.44,3,0,0,3,ES,male,web_display,bundle
user_945@example.com,Customer Name 945,59,6985,95,-1.9779946027790047,2.0657605334403595,60,2386.15,198.85,12,1465,178,41,786.31,9,0,0,10,FR,male,web_display,bundle
user_139@example.com,Customer Name 139,18,958,34,1.4844284235960954,-0.23383421094106813,20,784.69,65.39,30,1427,40,7,437.24,20,5,0,7,FR,male,social,internet
user_855@example.com,Customer Name 855,51,4935,70,-1.6040055307085146,-1.2312360904491009,4,241.12,20.09,6,1968,253,13,1144.8500000000001,14,1,1,3,FR,female,push_app,internet
user_780@example.com,Customer Name 780,58,4672,89,-1.606757981656387,1.392061549238934,58,3957.21,329.77,59,1591,36,1,157.42000000000002,14,4,0,10,IT,male,social,mobile
user_309@example.com,Customer Name 309,37,7171,46,-0.884000618692287,2.4000592299010304,37,1540.6499999999999,128.39,21,909,96,3,513.41,28,10,0,8,IT,male,push_app,bundle
user_416@example.com,Customer Name 416,57,2131,52,0.9570351999293206,0.0020626233237128755,15,1101.71,91.81,136,963,114,20,332.91,8,2,0,8,ES,male,social,tv
user_924@example.com,Customer Name 924,48,7835,100,-1.731462377055296,2.5460091118115953,62,4597.589999999999,383.13,13,1091,18,2,256.75,11,3,0,10,ES,male,social,internet
user_1049@example.com,Customer Name 1049,48,4106,39,-1.9088311304878767,1.0921523604349916,43,2440.2999999999997,203.36,24,1629,109,22,603.48,2,0,0,2,ES,female,web_display,bundle
user_957@example.com,Customer Name 957,31,7663,91,-0.6209487300887739,2.3280245489857205,46,2412.74,201.06,41,357,7,1,284.71,27,1,0,9,FR,male,social,mobile
user_218@example.com,Customer Name 218,66,1684,15,0.36907272045403294,0.7889937581170731,21,730.29,60.86,2,995,113,2,766.1299999999999,28,3,0,10,IT,female,push_app,internet
user_356@example.com,Customer Name 356,62,2241,96,1.928483349965606,0.603175010703488,16,851.43,70.95,17,934,106,25,150.6,3,0,0,6,ES,male,social,tv
user_994@example.com,Customer Name 994,40,980,103,1.444582008498337,1.1663813496564148,18,725.52,60.46,16,306,8,0,340.63,6,2,0,3,ES,male,web_display,tv
user_495@example.com,Customer Name 495,49,5095,75,-1.4903414614245158,0.6132091203432217,53,3133.36,261.11,151,271,9,1,27.18,24,6,0,3,NL,male,web_display,tv
user_750@example.com,Customer Name 750,35,6782,70,-0.1947633273249857,0.6543130628788719,37,830.77,69.23,10,471,33,7,462.56,22,5,0,10,IT,male,push_app,mobile
user_1191@example.com,Customer Name 1191,24,4436,32,-0.539231989954855,-0.5439011581444302,2,42.68,3.56,212,441,61,13,94.27,12,3,1,2,IT,female,web_display,bundle
user_520@example.com,Customer Name 520,63,7263,73,-1.415833038631413,1.6938192319063874,26,1308.47,109.04,146,1194,101,22,256.45,18,7,0,10,FR,male,web_display,internet
user_92@example.com,Customer Name 92,35,4180,73,-1.233481901054517,0.43853008848899977,25,532.8,44.4,126,1371,120,24,453.57,13,2,0,9,DE,female,web_display,mobile
user_670@example.com,Customer Name 670,46,5838,39,-1.1997763067827918,2.183835445950645,65,1075.1200000000001,89.59,46,1449,47,5,180.78,1,0,0,8,DE,male,push_app,bundle
user_1053@example.com,Customer Name 1053,42,7627,74,-0.422133621944926,-0.36128597493348047,8,356.52,29.71,13,1064,19,1,262.19,19,2,1,2,ES,male,social,bundle
user_330@example.com,Customer Name 330,19,5768,19,-1.4241733810585262,2.501032900328827,39,1645.7399999999998,137.14,7,1245,145,9,518.25,20,0,0,8,ES,male,sms,mobile
user_44@example.com,Customer Name 44,24,1890,59,1.564561857678786,-0.7561477668255241,9,584.52,48.71,162,1835,174,6,521.97,7,0,0,9,FR,other,push_app,internet
user_38@example.com,Customer Name 38,68,1207,82,0.5022236021559288,1.155480481299248,14,744.92,62.08,5,1170,148,35,871.43,6,2,0,6,IT,male,push_app,internet
user_85@example.com,Customer Name 85,25,6678,5,-0.20237090274598413,0.5156462143043159,58,747.38,62.28,138,869,60,16,219.55,22,0,0,9,NL,male,push_app,bundle
user_937@example.com,Customer Name 937,49,6494,80,-1.5761324726277126,1.071312603798384,61,3816.0899999999997,318.01,21,344,12,3,391.14,8,0,0,7,ES,male,web_display,mobile
user_1172@example.com,Customer Name 1172,51,2028,81,0.518792345488335,0.688600651543894,5,209.22,17.44,101,1139,41,10,72.54,13,0,0,3,FR,male,push_app,tv
user_244@example.com,Customer Name 244,21,1572,61,1.8697690006064325,1.5211361797265333,22,1122.1200000000001,93.51,4,867,115,14,399.73,26,10,0,5,FR,female,web_display,bundle
user_1142@example.com,Customer Name 1142,40,1286,81,-1.3801747816714658,-2.3935788990645426,2,90.29,7.52,307,1263,83,11,330.89,21,5,1,3,DE,female,social,internet
user_1199@example.com,Customer Name 1199,46,1271,58,1.8202112655489044,-0.16683563065510418,23,1031.84,85.99,3,1498,43,10,450.38,10,1,0,1,NL,male,sms,mobile
user_1141@example.com,Customer Name 1141,27,5573,79,-1.1943857230995272,2.3915951385103607,64,1930.96,160.91,2,1944,108,23,406.26,9,1,0,9,FR,female,push_app,mobile
user_378@example.com,Customer Name 378,46,1747,46,1.7653067010659043,0.9621057245126367,10,506.25,42.19,29,1653,226,44,701.76,4,1,0,9,FR,female,sms,tv
user_1082@example.com,Customer Name 1082,56,6208,97,-0.7560462447510994,0.4206940603164613,32,2558.55,213.21,119,1556,207,23,601.65,4,1,0,9,DE,male,web_display,mobile
user_738@example.com,Customer Name 738,49,5502,38,-2.218262502396982,2.617516821066968,66,3765.47,313.79,22,599,11,1,265.57,0,0,0,8,ES,other,social,mobile
user_588@example.com,Customer Name 588,43,1512,27,1.5745169727960024,-0.23228955649383248,8,385.46,32.12,86,618,6,0,29.81,24,11,0,4,NL,female,push_app,internet
user_921@example.com,Customer Name 921,64,4396,100,-0.22200365371117137,1.8362823477952388,30,1957.41,163.12,74,924,108,30,327.61,8,1,0,9,IT,female,push_app,tv
user_1175@example.com,Customer Name 1175,20,6305,24,-1.4925475821261425,2.582403312404101,57,2903.11,241.93,19,393,26,5,215.22,15,3,0,10,ES,female,social,internet
user_598@example.com,Customer Name 598,28,4181,36,-0.5979215769201058,0.706662640311057,50,3378.81,281.57,83,1432,176,19,347.86,1,0,0,9,FR,female,social,bundle
user_812@example.com,Customer Name 812,28,6570,117,-1.141315741645328,2.339303148868518,39,2137.02,178.08,12,775,18,2,568.91,9,2,0,9,FR,female,web_display,bundle
user_1065@example.com,Customer Name 1065,27,1524,35,1.051645948776846,0.25334386848084245,19,1476.99,123.08,84,607,39,1,76.16,16,5,0,2,ES,male,push_app,mobile
user_843@example.com,Customer Name 843,31,1443,107,1.6301147901934017,-1.4225467807123142,18,986.44,82.2,167,182,3,0,2.71,15,6,0,9,NL,female,push_app,bundle
user_112@example.com,Customer Name 112,68,2292,83,2.7125493655371598,0.035329108154358524,19,755.1,62.92,34,746,23,6,203.76999999999998,18,0,0,1,ES,female,social,tv
user_1165@example.com,Customer Name 1165,45,1133,115,1.691319288622346,1.1625777726406277,13,366.88,30.57,12,671,17,0,84.97999999999999,20,3,0,7,IT,female,sms,bundle
user_64@example.com,Customer Name 64,31,1960,74,0.08375340350371763,-1.079853550792643,3,113.48,9.46,36,348,40,2,206.49,25,6,1,2,FR,female,sms,bundle
user_1018@example.com,Customer Name 1018,51,2475,60,1.6864076716648135,0.19215840526843314,19,953.74,79.48,9,1848,164,18,540.41,14,5,0,3,IT,female,web_display,internet
user_182@example.com,Customer Name 182,23,1294,8,1.909823012887135,0.6849370085895966,20,1295.42,107.95,51,1329,87,17,441.08,11,4,0,4,IT,male,sms,bundle
user_778@example.com,Customer Name 778,45,7581,37,-0.6297302701522117,2.253410381202917,38,2182.06,181.84,33,611,73,12,323.46999999999997,28,0,0,10,ES,male,sms,internet
user_607@example.com,Customer Name 607,41,1652,113,0.9310865625078644,0.37204270894733804,22,1418.96,118.25,2,1830,180,29,639.26,16,3,0,2,IT,female,push_app,tv
user_16@example.com,Customer Name 16,41,7416,17,-1.247097477085077,0.37500197527860046,54,3312.59,276.05,18,1849,261,52,699.77,9,1,0,2,DE,female,web_display,bundle
user_900@example.com,Customer Name 900,68,5718,27,-0.8506358747771456,2.0462071740640293,37,2352.93,196.08,27,1641,44,10,205.56,16,5,0,10,DE,male,web_display,bundle
user_878@example.com,Customer Name 878,19,6306,108,-0.2915445260529978,2.696033715499796,43,1931.26,160.94,47,1376,59,9,343.85,26,11,0,9,FR,female,social,mobile
user_157@example.com,Customer Name 157,68,5033,32,-0.4917260166385169,1.7522591479630665,36,752.52,62.71,37,1140,135,8,312.71,3,0,0,9,IT,female,push_app,tv
user_493@example.com,Customer Name 493,64,7995,50,-1.2139652975552442,0.23269961966585276,51,2637.7400000000002,219.81,17,1271,115,6,222.18,6,2,0,8,ES,female,push_app,mobile
user_307@example.com,Customer Name 307,33,6312,89,-0.4171363032338069,1.0394060810980386,42,1396.74,116.4,46,1532,22,1,261.86,23,2,0,10,IT,female,push_app,bundle
user_1193@example.com,Customer Name 1193,60,1031,54,1.4720419825859035,0.29737262677539233,18,1183.98,98.67,127,121,3,0,14.62,13,0,0,8,FR,female,web_display,mobile
user_1054@example.com,Customer Name 1054,53,1015,37,1.7661156199260037,0.050258121370813647,14,542.0799999999999,45.17,11,547,60,16,500.4,2,0,0,5,NL,female,web_display,mobile
user_1026@example.com,Customer Name 1026,35,1606,6,2.06308811207319,-0.1285353269184767,24,1284.09,107.01,27,1525,227,57,1221.1299999999999,23,2,0,9,ES,male,web_display,mobile
user_610@example.com,Customer Name 610,52,1951,10,1.6145735163985462,0.9516792828199401,18,765.29,63.77,135,1630,18,1,70.46,14,1,0,7,IT,male,social,tv
user_275@example.com,Customer Name 275,57,7411,53,-1.846935568440986,2.8630403658463655,54,2243.97,187.0,21,1500,112,18,638.29,21,3,0,8,ES,male,web_display,tv
user_128@example.com,Customer Name 128,50,5946,104,-0.31363565715936803,1.9167729244210725,35,1466.9499999999998,122.25,1,1781,254,58,1396.03,24,4,0,8,ES,female,web_display,tv
user_623@example.com,Customer Name 623,30,2279,77,1.542786797814883,0.18916548966378044,20,299.85,24.99,137,191,16,4,8.98,7,2,0,4,FR,male,push_app,tv
user_892@example.com,Customer Name 892,51,1973,93,1.9630097994718103,1.3519107341667402,22,1143.03,95.25,7,1191,58,16,412.73,12,0,0,4,IT,female,push_app,tv
user_1186@example.com,Customer Name 1186,53,1164,56,1.5471507422777304,0.8095492623023689,19,593.5,49.46,10,699,90,11,417.94,13,2,0,2,ES,male,push_app,internet
user_191@example.com,Customer Name 191,42,2312,74,1.695656197933948,-0.2909833953104872,21,1359.87,113.32,15,861,112,6,341.12,1,0,0,4,ES,male,push_app,bundle
user_156@example.com,Customer Name 156,30,1576,79,2.264500190576994,0.7686149438519652,14,649.21,54.1,39,1892,269,55,780.65,6,1,0,9,IT,male,sms,tv
user_578@example.com,Customer Name 578,63,5588,45,-0.25203836361296017,-1.8863549635980275,13,814.5999999999999,67.88,14,1568,152,10,1240.6200000000001,20,0,1,3,ES,female,social,bundle
user_904@example.com,Customer Name 904,21,4428,35,-0.19060454491374604,1.6615575460847465,32,1699.95,141.66,16,678,61,3,246.24,1,0,0,9,NL,male,social,mobile
user_23@example.com,Customer Name 23,55,1032,4,0.8588179627062893,0.4064030914435506,14,643.8299999999999,53.65,26,867,118,31,455.85,11,0,1,3,NL,male,web_display,internet
user_979@example.com,Customer Name 979,39,2146,6,1.065298208546394,0.750901684809384,16,927.82,77.32,29,1295,123,0,312.6,0,0,0,5,DE,male,push_app,internet
user_649@example.com,Customer Name 649,36,7212,49,-0.28980786245840695,2.329156334209877,52,2965.2899999999995,247.11,16,1801,31,3,228.89,2,0,0,10,IT,female,sms,tv
user_469@example.com,Customer Name 469,49,1555,48,1.9956878476861468,0.16567890402151952,23,418.77,34.9,58,157,12,3,141.15,17,4,0,7,NL,female,social,mobile
user_693@example.com,Customer Name 693,55,5034,35,-0.503651548065739,2.97041404527387,43,950.34,79.2,24,882,118,14,566.5600000000001,28,9,0,9,NL,other,push_app,internet
user_556@example.com,Customer Name 556,37,4549,72,-1.852020773285651,2.0541024928673917,64,1512.0,126.0,25,1265,49,1,433.62,22,8,0,8,ES,other,web_display,mobile
user_699@example.com,Customer Name 699,39,4181,39,-1.4608179830116577,2.924039720143999,55,3809.76,317.48,5,1963,117,21,786.71,10,4,0,9,FR,female,web_display,internet
user_224@example.com,Customer Name 224,66,1219,112,-0.6795180271513495,-0.5619629014207522,7,448.8,37.4,17,112,10,1,275.88,22,8,1,4,NL,male,web_display,mobile
user_155@example.com,Customer Name 155,59,4866,107,0.013987497516529834,0.6316982675253857,54,1546.36,128.86,170,1510,216,20,726.53,6,2,0,10,ES,female,sms,internet
user_915@example.com,Customer Name 915,30,4335,101,-1.1367312289939493,2.2357401036472897,59,1660.8999999999999,138.41,43,1064,153,24,839.0,12,4,0,9,ES,male,web_display,mobile
user_1091@example.com,Customer Name 1091,53,814,86,1.4611742037004296,0.10862191019945455,9,602.53,50.21,108,1912,196,54,864.13,26,0,0,3,NL,female,push_app,internet
user_376@example.com,Customer Name 376,45,916,51,1.013523146373696,0.6174969114288547,17,715.78,59.65,6,717,46,2,144.3,0,0,0,9,IT,male,web_display,bundle
user_1056@example.com,Customer Name 1056,58,6343,96,-0.7144265975069257,1.9462081899242791,44,2503.37,208.61,27,225,18,4,111.34,14,3,0,8,FR,male,social,mobile
user_194@example.com,Customer Name 194,18,828,64,2.3256191732865155,0.07863302131953678,12,335.88,27.99,36,1312,63,4,340.37,24,5,0,7,IT,male,web_display,internet
user_631@example.com,Customer Name 631,37,4349,73,1.4709706226395691,-1.5233673574917352,5,195.74,16.31,380,653,65,7,235.33,18,8,0,5,IT,female,web_display,mobile
user_686@example.com,Customer Name 686,26,1805,116,1.060600292928435,-0.011170643835641814,12,781.87,65.16,93,1192,175,23,423.2,11,4,0,9,ES,female,push_app,internet
user_949@example.com,Customer Name 949,18,1626,25,1.5485724341769902,0.6707746444414779,9,548.88,45.74,135,358,18,4,29.2,0,0,0,4,FR,male,sms,internet
user_845@example.com,Customer Name 845,63,7491,4,-0.400117572506383,1.1223583438025089,34,395.14,32.93,6,837,99,10,323.08,9,2,0,5,FR,female,sms,mobile
user_133@example.com,Customer Name 133,52,1048,53,1.2068888466543892,0.33954257615094974,31,2066.79,172.23,15,1951,106,13,553.76,16,1,0,5,ES,female,social,internet
user_35@example.com,Customer Name 35,33,5858,95,-0.36047368705390903,3.1179025341757507,32,1094.52,91.21,20,1410,136,24,533.74,29,7,0,9,DE,male,sms,bundle
user_1075@example.com,Customer Name 1075,51,2327,107,1.7736607331983776,0.8553842585897768,10,629.3199999999999,52.44,23,551,46,0,458.61,2,0,0,8,NL,female,sms,bundle
user_832@example.com,Customer Name 832,22,1012,78,0.9162944065768672,0.745745614065239,14,728.1999999999999,60.68,2,152,3,0,101.36999999999999,15,4,0,2,FR,male,sms,mobile
user_592@example.com,Customer Name 592,68,4940,17,-2.0348791180295542,2.1898586857993365,50,981.36,81.78,29,851,72,0,438.34000000000003,9,2,0,9,ES,female,social,bundle
user_255@example.com,Customer Name 255,65,2181,99,1.603879461185767,1.4401574405269888,19,758.91,63.24,58,893,21,6,77.55,14,3,0,3,ES,male,push_app,mobile
user_355@example.com,Customer Name 355,55,4920,78,-0.3593776628542913,-1.638689977292794,2,114.85,9.57,361,1545,97,15,367.38,0,0,1,1,FR,female,push_app,tv
user_383@example.com,Customer Name 383,54,5799,8,-1.8478147872332564,2.184103231956723,63,1184.59,98.72,6,691,18,2,276.04,26,6,0,10,FR,male,push_app,internet
user_917@example.com,Customer Name 917,60,4373,8,-1.2500505987647346,1.4692235731121246,60,3130.07,260.84,43,399,52,9,211.64,29,8,0,8,FR,male,sms,bundle
user_104@example.com,Customer Name 104,24,4442,119,-0.30277519469012076,2.912609274397796,56,3038.57,253.21,9,298,28,6,260.45,11,1,0,8,FR,female,push_app,tv
user_284@example.com,Customer Name 284,40,1035,36,0.6373317912452297,1.4361485568696561,23,894.1899999999999,74.52,18,904,37,10,294.2,10,2,0,9,DE,female,social,mobile
user_396@example.com,Customer Name 396,20,1081,121,2.3128543718182946,-0.6898491840231504,9,539.05,44.92,88,1250,118,21,485.36,2,0,0,10,IT,male,push_app,mobile
user_1108@example.com,Customer Name 1108,62,4610,5,-0.6565834932015628,-1.4775203289559449,2,52.77,4.4,338,954,36,3,99.0,6,0,1,1,FR,female,social,tv
user_221@example.com,Customer Name 221,56,1862,117,0.6219383485155645,1.4418454615942102,26,1256.5700000000002,104.71,22,663,25,6,446.22999999999996,0,0,0,9,NL,female,push_app,internet
user_52@example.com,Customer Name 52,67,1268,63,2.066700323713987,1.7932604693347085,10,310.75,25.9,30,652,19,3,186.61,3,0,0,2,ES,female,sms,bundle
user_1201@example.com,Customer Name 1201,34,2361,22,-1.2028589582647837,-1.5434491265008696,2,127.05,10.59,316,1832,45,11,113.88,3,1,1,4,IT,female,social,mobile
user_1202@example.com,Customer Name 1202,39,7605,71,1.0760784030825632,-1.7242849237764994,5,273.19,22.77,349,1554,215,35,494.89,25,2,1,2,FR,male,push_app,internet
user_1203@example.com,Customer Name 1203,42,7086,24,1.0735368917107855,-2.358162922470087,2,154.11,12.84,321,1144,154,40,712.98,4,0,1,3,ES,female,web_display,bundle
user_1204@example.com,Customer Name 1204,20,4595,66,0.1777072397783086,1.4553767966238347,29,1152.31,96.03,37,242,33,7,69.84,6,0,0,9,FR,male,push_app,tv
user_1205@example.com,Customer Name 1205,44,1374,96,-0.758796536320278,-2.3548198108947664,2,158.92,13.24,209,1883,213,35,927.19,5,1,1,4,DE,female,web_display,mobile
user_1206@example.com,Customer Name 1206,44,2342,85,1.22344502713693,0.7596564213814978,18,1112.9,92.74,110,967,24,5,109.51,12,2,0,7,NL,female,web_display,internet
user_1207@example.com,Customer Name 1207,63,1261,61,2.0047418986539696,0.10958719692758856,13,836.41,69.7,31,452,32,0,87.93,18,3,0,6,ES,female,sms,tv
user_1208@example.com,Customer Name 1208,29,4175,7,-1.939136479618158,2.0612639992628816,45,530.97,44.25,119,1588,45,0,113.0,9,0,0,8,NL,female,social,bundle
user_1209@example.com,Customer Name 1209,32,2175,72,1.7128730242903893,0.08616434167878695,16,717.09,59.76,50,1116,165,4,647.56,14,5,0,2,DE,male,social,tv
user_1210@example.com,Customer Name 1210,55,3158,117,-0.06190259870374737,-0.7661291476380669,2,93.97,7.83,323,567,32,4,117.95,2,0,1,3,ES,male,sms,bundle
user_1211@example.com,Customer Name 1211,37,7888,115,-0.5787098875782144,2.277488282420215,57,731.99,61.0,93,1636,150,10,296.76,17,4,0,8,FR,male,sms,tv
user_1212@example.com,Customer Name 1212,39,7094,38,-0.8532313210309976,0.9826812088337369,35,1114.72,92.89,43,1587,189,55,181.72,13,1,0,6,ES,male,sms,mobile
user_1213@example.com,Customer Name 1213,19,6036,21,-1.9319891742013682,1.365483054516044,29,2229.96,185.83,23,976,135,21,228.4,2,0,0,9,FR,other,push_app,mobile
user_1214@example.com,Customer Name 1214,21,4271,8,-0.03836897381018378,0.6696853295635337,60,2389.67,199.14,70,1973,228,45,248.44,10,4,0,8,IT,male,push_app,internet
user_1215@example.com,Customer Name 1215,62,1098,89,1.2865346861009817,0.054281692326695774,6,138.41,11.53,84,1517,158,13,288.55,9,0,0,4,ES,female,push_app,internet
user_1216@example.com,Customer Name 1216,30,6313,28,-0.5895093343483403,-1.570985814181464,3,137.8,11.48,231,1018,76,7,127.54,28,0,1,3,ES,male,push_app,tv
user_1217@example.com,Customer Name 1217,49,6192,92,-0.11816641325733745,2.3386535839459577,45,556.36,46.36,2,1909,180,18,606.55,16,3,0,10,FR,female,push_app,tv
user_1218@example.com,Customer Name 1218,39,1762,54,2.2423181062863424,0.07914077964519373,20,922.38,76.87,88,1876,43,9,206.19,12,4,0,9,FR,female,social,internet
user_1219@example.com,Customer Name 1219,42,2209,31,0.6819753898892413,0.2039921507657534,9,464.39,38.7,55,1181,157,22,562.98,24,5,0,9,IT,male,social,internet
user_1220@example.com,Customer Name 1220,44,6005,116,-0.6439933494552603,1.5654782282858726,46,1611.78,134.31,11,1249,107,16,499.68,1,0,0,9,IT,female,web_display,tv
user_1221@example.com,Customer Name 1221,34,928,100,2.36832173572855,0.44368205891786094,13,823.94,68.66,43,940,14,2,56.4,27,9,0,1,ES,male,social,tv
user_1222@example.com,Customer Name 1222,23,7582,89,-1.4987470962948084,1.6888676362263844,43,838.5,69.87,83,977,135,31,509.69,12,3,0,9,FR,female,sms,tv
user_1223@example.com,Customer Name 1223,60,1463,116,1.1970264311483603,0.3490223868705321,12,857.67,71.47,32,1584,124,3,293.05,18,6,0,5,ES,female,social,mobile
user_1224@example.com,Customer Name 1224,68,5254,41,-0.8611221247358603,2.1514704277366175,37,2844.6,237.05,62,151,19,4,37.27,4,0,0,8,DE,male,sms,bundle
user_1225@example.com,Customer Name 1225,33,1642,37,1.3476962248934004,-0.1041347764682714,13,131.12,10.93,3,1111,144,24,620.39,15,5,0,5,FR,female,social,bundle
user_1226@example.com,Customer Name 1226,25,6699,38,-0.04078912935282686,2.0366281064309737,37,2552.65,212.72,13,1858,230,46,1052.08,9,2,0,8,ES,male,push_app,internet
user_1227@example.com,Customer Name 1227,50,1764,51,-0.9301018486819407,-2.221444654431277,3,136.28,11.36,213,913,16,1,40.54,11,2,1,3,ES,female,social,mobile
user_1228@example.com,Customer Name 1228,27,2934,76,0.15870957794358898,-1.128040680863158,5,211.49,17.62,246,1998,89,10,48.13,19,5,1,3,ES,male,web_display,tv
user_1229@example.com,Customer Name 1229,51,4837,37,-1.6184856589297676,1.66349805176426,54,1442.21,120.18,22,368,48,3,195.19,12,1,0,8,ES,female,push_app,tv
user_1230@example.com,Customer Name 1230,36,2283,101,0.9114676505048758,0.4578930390666477,14,578.38,48.2,85,195,26,7,46.35,20,2,0,3,IT,female,push_app,internet
user_1231@example.com,Customer Name 1231,31,7235,31,-0.5755498634199019,0.8661556674133726,46,3520.38,293.36,38,372,27,4,14.7,15,0,0,3,NL,male,web_display,internet
user_1232@example.com,Customer Name 1232,20,1817,62,1.4686866360461928,-0.13154927948530504,16,396.08,33.01,86,1446,103,30,424.61,21,4,0,2,FR,male,social,mobile
user_1233@example.com,Customer Name 1233,58,5108,18,-1.6780521813005465,1.5748172304242765,54,1216.78,101.4,33,1696,58,8,164.05,20,4,0,10,IT,female,social,bundle
user_1234@example.com,Customer Name 1234,40,2041,90,2.4330274071777165,-0.12119645858821343,7,188.53,15.71,54,1956,284,18,1017.7,25,9,0,6,IT,male,web_display,bundle
user_1235@example.com,Customer Name 1235,57,7330,6,-1.9928124401986445,2.467735132471933,60,2917.7,243.14,21,1816,72,10,332.36,0,0,0,8,FR,female,push_app,tv
user_1236@example.com,Customer Name 1236,28,4773,9,-0.9995267550911588,2.3556114210941734,41,3079.96,256.66,116,232,8,0,23.48,21,9,0,8,ES,female,web_display,internet
user_1237@example.com,Customer Name 1237,64,6255,11,-1.0749149721993654,1.5222368175902015,42,2107.21,175.6,55,1027,105,28,290.26,8,1,0,10,ES,female,sms,mobile
user_1238@example.com,Customer Name 1238,23,5088,95,-0.618152003290261,2.463155275996138,28,757.23,63.1,27,188,8,1,14.46,15,2,0,10,NL,male,sms,tv
user_1239@example.com,Customer Name 1239,51,1802,119,1.2737693833282884,0.2145522322934741,8,326.65,27.22,94,784,110,23,206.07,18,0,0,8,NL,male,social,bundle
user_1240@example.com,Customer Name 1240,18,4489,110,-1.205063147304403,0.8622094560104101,33,1231.82,102.65,21,923,10,1,40.84,14,4,0,3,ES,male,push_app,bundle
user_1241@example.com,Customer Name 1241,52,2417,2,-1.3768961538260869,-0.8974004239709679,1,13.26,1.1,272,104,1,0,2.52,17,6,1,1,ES,male,sms,mobile
user_1242@example.com,Customer Name 1242,42,943,29,1.5704452733459218,-0.338807558098912,13,594.68,49.56,13,456,36,10,44.49,21,9,0,10,NL,male,web_display,tv
user_1243@example.com,Customer Name 1243,46,4521,110,-0.48920660368218605,2.3514956197593078,31,583.43,48.62,98,1466,114,9,105.49,11,1,0,9,FR,female,social,mobile
user_1244@example.com,Customer Name 1244,40,1219,51,1.633134678898452,0.8369673080030489,6,413.74,34.48,120,303,9,2,23.65,13,1,0,5,NL,male,social,tv
user_1245@example.com,Customer Name 1245,35,820,106,1.7487200456793897,0.006408840158986795,8,387.42,32.28,37,1797,142,24,368.11,2,0,0,1,ES,female,push_app,bundle
user_1246@example.com,Customer Name 1246,31,1367,69,0.9609766635363937,0.14470396459862878,14,967.71,80.64,40,1696,114,33,392.22,3,1,0,10,DE,female,sms,internet
user_1247@example.com,Customer Name 1247,34,2066,23,1.207102877509117,0.8917773092457928,13,1000.0,83.33,70,570,76,18,199.11,5,2,0,6,NL,female,social,internet
user_1248@example.com,Customer Name 1248,19,4968,100,-0.7149359829963806,0.5459081315057015,34,2584.79,215.4,89,563,6,1,6.87,15,1,0,10,ES,male,web_display,bundle
user_1249@example.com,Customer Name 1249,48,7122,7,0.12607936870502412,0.843684670414184,39,664.17,55.35,71,596,87,15,242.3,27,9,0,3,IT,female,sms,internet
user_1250@example.com,Customer Name 1250,36,1584,56,0.5348811440836387,0.31256691310141194,11,837.51,69.79,82,801,78,4,357.28,12,0,0,4,ES,male,social,internet
user_1251@example.com,Customer Name 1251,49,3394,77,0.7213683265626187,-2.1792084412101245,5,328.51,27.38,197,936,29,4,35.31,11,2,1,1,FR,male,social,tv
user_1252@example.com,Customer Name 1252,45,5620,106,0.9286510009972098,-0.5426550064372122,3,193.31,16.11,199,162,2,0,7.21,21,1,0,5,IT,female,sms,mobile
user_1253@example.com,Customer Name 1253,58,4510,62,-1.1059151553650077,0.9923859066573122,31,505.58,42.13,20,1679,143,33,453.65,11,3,0,6,FR,female,sms,tv
user_1254@example.com,Customer Name 1254,25,1295,74,2.2837703551879986,0.41441080904352523,19,428.75,35.73,112,338,14,0,54.16,1,0,0,10,IT,male,push_app,mobile
user_1255@example.com,Customer Name 1255,59,6570,100,-1.1778392716534056,-0.66474893360821,3,234.78,19.57,211,639,33,4,38.86,28,0,1,1,ES,male,web_display,mobile
user_1256@example.com,Customer Name 1256,58,4978,80,-0.10603044838178222,1.3703865644281739,44,1097.18,91.43,110,297,13,0,61.58,12,1,0,9,IT,male,push_app,internet
user_1257@example.com,Customer Name 1257,57,1591,15,0.7007332272422642,-0.17991828286445816,19,414.84,34.57,120,880,88,23,289.9,2,0,0,3,FR,female,push_app,mobile
user_1258@example.com,Customer Name 1258,56,967,53,1.3850551120994319,0.5686375175878375,18,636.56,53.05,1,1806,158,7,681.27,12,1,0,10,NL,female,web_display,mobile
user_1259@example.com,Customer Name 1259,39,2313,43,2.0013883617544566,0.7758795725001346,17,1256.89,104.74,31,129,2,0,3.22,24,0,0,1,ES,male,web_display,bundle
user_1260@example.com,Customer Name 1260,41,847,83,1.8466223253536198,-0.1923068514264416,13,563.34,46.94,9,765,64,5,244.95,1,0,0,6,FR,male,push_app,mobile
user_1261@example.com,Customer Name 1261,55,1652,85,-0.4731337952148911,-1.6266994209649004,5,372.2,31.02,249,1332,160,17,642.34,18,7,1,3,FR,female,sms,bundle
user_1262@example.com,Customer Name 1262,19,4084,35,-1.1466185223752134,1.5151186677163515,56,1870.61,155.88,23,1186,25,7,57.21,8,1,0,9,FR,male,web_display,tv
user_1263@example.com,Customer Name 1263,58,1705,79,1.9069127750002883,0.059441579258245114,11,284.43,23.7,15,1964,264,19,588.14,19,3,0,3,FR,female,push_app,internet
user_1264@example.com,Customer Name 1264,58,6461,112,-1.1111861150287985,0.836763304294198,49,2188.55,182.38,98,1180,107,3,370.23,0,0,0,8,FR,male,sms,mobile
user_1265@example.com,Customer Name 1265,36,1246,14,1.0482835359687455,0.029898234513800026,15,796.25,66.35,58,1955,279,5,256.77,26,0,0,7,DE,male,social,bundle
user_1266@example.com,Customer Name 1266,58,2511,93,-0.3616678208015345,-1.070132430036682,2,74.81,6.23,266,1843,56,8,213.38,12,4,0,8,ES,female,sms,tv
user_1267@example.com,Customer Name 1267,19,1761,69,1.6266182250391377,0.5297382615722588,5,171.11,14.26,16,1556,231,44,160.08,1,0,0,10,NL,female,push_app,tv
user_1268@example.com,Customer Name 1268,45,6643,49,-0.239778592823934,1.4044916140000472,29,732.66,61.06,65,1431,143,14,194.14,14,6,0,8,IT,male,web_display,tv
user_1269@example.com,Customer Name 1269,49,1596,18,0.5409882439815621,0.03928085842323592,16,468.01,39.0,99,1698,151,31,526.79,18,3,0,2,FR,male,sms,bundle
user_1270@example.com,Customer Name 1270,36,5787,51,-1.803186008615813,2.3183760706206833,53,3027.27,252.27,107,1883,154,2,145.14,24,8,0,8,IT,male,sms,bundle
user_1271@example.com,Customer Name 1271,33,5044,1,-1.19349154229822,0.957113672332788,47,1686.88,140.57,100,1589,21,5,102.34,24,0,0,7,NL,female,sms,internet
user_1272@example.com,Customer Name 1272,47,1332,27,0.9382735468990644,-0.26285270040621994,20,311.66,25.97,69,1776,251,61,1106.35,15,6,0,4,FR,female,web_display,mobile
user_1273@example.com,Customer Name 1273,39,1999,64,2.458322992644371,0.7688538212659952,11,216.38,18.03,60,1728,173,51,574.08,10,1,0,1,NL,female,web_display,tv
user_1274@example.com,Customer Name 1274,31,1546,60,0.6799450026021083,0.6410653616701831,6,216.4,18.03,66,1230,28,7,117.2,14,3,0,3,ES,male,sms,internet
user_1275@example.com,Customer Name 1275,69,1125,91,1.605648041517512,0.42317493291921293,7,523.01,43.58,16,699,9,0,40.45,5,0,0,5,IT,female,sms,bundle
user_1276@example.com,Customer Name 1276,18,5025,89,-1.4386802748082441,1.5505077381731582,30,1095.96,91.33,62,1117,19,2,31.69,13,6,0,10,FR,male,push_app,internet
user_1277@example.com,Customer Name 1277,62,4610,41,-1.041033708954382,0.7832680770531333,43,612.53,51.04,86,1424,135,30,583.52,26,8,0,8,FR,male,web_display,tv
user_1278@example.com,Customer Name 1278,19,1180,21,0.8332575935201043,0.11419656475929552,12,471.12,39.26,79,719,68,2,93.61,5,0,0,2,IT,female,sms,tv
user_1279@example.com,Customer Name 1279,39,1249,14,0.3628339481088487,-2.3664422000674064,1,56.82,4.73,251,1169,93,8,219.48,18,1,1,2,FR,male,web_display,internet
user_1280@example.com,Customer Name 1280,63,1368,116,-0.6352710228874116,-1.3547819010224655,2,103.1,8.59,201,176,9,0,27.11,4,0,0,8,FR,male,web_display,tv
user_1281@example.com,Customer Name 1281,50,1763,117,0.9724904450354248,0.8423830066017011,18,531.29,44.27,46,828,69,9,256.16,10,1,0,9,FR,male,web_display,bundle
user_1282@example.com,Customer Name 1282,32,7308,20,-1.8304955709856703,1.7052686767656962,37,2152.15,179.35,101,1292,106,17,67.38,3,0,0,10,IT,female,push_app,tv
user_1283@example.com,Customer Name 1283,67,2382,92,2.0662871774841935,-0.09643380548108643,8,433.15,36.1,12,913,11,0,19.88,25,12,0,1,FR,female,social,mobile
user_1284@example.com,Customer Name 1284,58,1893,85,1.6068773085007113,0.6685889750257559,8,176.42,14.7,46,1252,62,0,200.78,25,8,0,2,FR,male,web_display,mobile
user_1285@example.com,Customer Name 1285,39,5511,87,0.050730229995956666,0.8054372151740987,36,768.61,64.05,23,1836,32,6,67.46,27,12,0,4,ES,female,web_display,tv
user_1286@example.com,Customer Name 1286,57,1303,11,0.843589093779767,-0.011783210313983328,5,241.51,20.13,50,807,109,0,434.65,8,1,0,3,NL,female,sms,internet
user_1287@example.com,Customer Name 1287,56,2108,66,0.0027392619366137794,-1.9553251040988282,1,56.16,4.68,228,1983,221,64,758.57,8,2,0,1,NL,female,web_display,tv
user_1288@example.com,Customer Name 1288,58,916,84,0.5966889332095815,-0.2975763436369457,17,1314.67,109.56,70,367,54,3,83.96,16,3,0,4,ES,male,social,mobile
user_1289@example.com,Customer Name 1289,58,4638,24,-0.6602679667218341,0.983851132716064,33,1304.66,108.72,33,1723,90,17,104.1,7,1,0,2,ES,male,web_display,bundle
user_1290@example.com,Customer Name 1290,28,1552,119,1.4098883148304373,0.19360782108219987,13,826.09,68.84,93,864,114,14,379.7,14,3,0,10,ES,male,push_app,mobile
user_1291@example.com,Customer Name 1291,21,6909,89,-1.6434088169910055,1.926859382513386,32,581.01,48.42,3,1873,176,3,444.77,8,1,0,8,NL,female,sms,tv
user_1292@example.com,Customer Name 1292,24,6482,37,-1.1696647845283943,0.634148061020021,27,1951.36,162.61,117,684,50,7,63.02,4,1,0,1,NL,female,social,tv
user_1293@example.com,Customer Name 1293,38,6561,86,0.0866791560986202,-2.4988532172560323,4,217.27,18.11,338,518,21,3,41.34,3,0,1,2,ES,other,push_app,internet
user_1294@example.com,Customer Name 1294,24,6006,24,-0.40228313588666476,1.6006314984182857,50,2701.61,225.13,103,969,109,27,203.14,25,10,0,8,NL,male,social,tv
user_1295@example.com,Customer Name 1295,21,7640,15,-0.5758228415606339,1.4332404280022515,58,1158.32,96.53,102,1990,271,59,267.37,19,6,0,9,ES,male,sms,tv
user_1296@example.com,Customer Name 1296,29,1864,12,1.6549437600129224,0.6795770817121545,16,204.33,17.03,99,1284,55,1,162.86,17,4,0,3,ES,male,web_display,bundle
user_1297@example.com,Customer Name 1297,44,1703,110,0.754893785374533,-0.8247445263066397,4,236.41,19.7,202,1181,40,2,157.46,8,1,1,3,DE,male,sms,bundle
user_1298@example.com,Customer Name 1298,34,1872,95,2.21585366874526,-0.24965670887582897,18,327.49,27.29,9,483,51,4,157.57,20,3,0,4,NL,female,sms,bundle
user_1299@example.com,Customer Name 1299,37,4517,107,-0.6804439217718534,0.9137860249492089,27,509.97,42.5,21,902,132,4,556.82,26,1,0,7,NL,other,web_display,internet
user_1300@example.com,Customer Name 1300,48,1552,64,2.3083304079236537,-0.32669570739125,14,323.75,26.98,19,609,70,9,75.18,2,0,0,9,FR,female,push_app,internet
user_1301@example.com,Customer Name 1301,43,1583,31,0.5477516996047671,-0.050723056789970966,17,286.32,23.86,44,529,26,7,63.97,21,9,0,3,FR,female,social,mobile
user_1302@example.com,Customer Name 1302,48,1797,53,0.9311408614447345,0.6254670621757381,11,591.55,49.3,21,1463,100,15,324.24,8,0,0,1,NL,female,push_app,internet
user_1303@example.com,Customer Name 1303,52,2387,94,1.6808598308343334,0.17491065187600063,9,355.86,29.66,67,677,43,9,152.31,8,3,0,10,IT,male,web_display,bundle
user_1304@example.com,Customer Name 1304,26,7107,105,-1.3356612945199482,1.798142638709553,33,944.68,78.72,105,1039,134,27,486.56,27,3,0,10,ES,female,social,internet
user_1305@example.com,Customer Name 1305,22,3067,84,1.2015107324809913,-2.011016441251109,1,40.85,3.4,356,1149,135,34,510.35,28,7,1,1,FR,female,web_display,tv
user_1306@example.com,Customer Name 1306,69,1699,72,1.4326980965270142,0.2301637500439493,13,898.17,74.85,69,1933,178,11,610.8,20,3,0,5,NL,male,push_app,internet
user_1307@example.com,Customer Name 1307,65,5905,44,-0.9807415285191607,2.2647668749793235,48,3594.99,299.58,25,688,33,7,30.49,23,1,0,10,DE,female,sms,tv
user_1308@example.com,Customer Name 1308,25,1651,30,0.7910749449884722,-0.13195098994979154,6,264.74,22.06,62,897,126,33,457.24,3,0,0,7,IT,female,social,mobile
user_1309@example.com,Customer Name 1309,38,6621,35,-1.8831374483464567,1.0908361729090756,31,1539.85,128.32,119,471,47,2,176.79,20,3,0,10,IT,male,web_display,tv
user_1310@example.com,Customer Name 1310,33,1752,21,2.2442257617918004,0.8305697923909725,17,476.07,39.67,97,1027,149,15,740.63,6,0,0,3,ES,male,social,bundle
user_1311@example.com,Customer Name 1311,68,4319,111,-0.872364690799007,1.2095487687154742,43,1975.94,164.66,81,1159,105,30,380.11,6,0,0,10,IT,male,social,mobile
user_1312@example.com,Customer Name 1312,33,5954,104,-0.08901611817043986,2.3679543581807234,27,1683.95,140.33,45,1654,206,48,739.69,28,1,0,10,IT,male,push_app,mobile
user_1313@example.com,Customer Name 1313,35,1781,63,0.8869586037150288,0.028723649659593065,7,311.15,25.93,4,1913,236,20,664.73,22,0,0,8,ES,male,sms,mobile
user_1314@example.com,Customer Name 1314,64,2508,92,-1.4668314458705585,-0.6560294254613288,2,62.29,5.19,267,1956,111,18,489.03,7,0,0,3,NL,female,social,bundle
user_1315@example.com,Customer Name 1315,45,4414,103,-0.7645017639313718,1.9886754261121902,34,1725.24,143.77,110,1948,282,34,1405.98,26,7,0,10,DE,male,push_app,tv
user_1316@example.com,Customer Name 1316,35,922,17,1.7613490152521585,0.26426005607873715,5,381.33,31.78,50,1390,18,2,72.1,20,8,0,5,ES,female,social,mobile
user_1317@example.com,Customer Name 1317,31,1560,12,1.1680818617122048,0.1725379869723176,5,360.79,30.07,102,1917,225,23,732.66,0,0,0,8,NL,female,sms,bundle
user_1318@example.com,Customer Name 1318,65,2055,116,1.1530893338460797,0.020388621335171164,19,1213.09,101.09,97,1555,225,18,192.44,26,1,0,2,IT,female,social,mobile
user_1319@example.com,Customer Name 1319,54,5507,114,-0.7116334388311569,2.1024479198008406,28,821.37,68.45,56,1142,65,13,245.07,8,2,0,9,IT,female,sms,mobile
user_1320@example.com,Customer Name 1320,57,1697,18,1.5279432838582383,0.15011226494207586,20,538.18,44.85,14,1462,147,34,542.21,24,0,0,10,NL,female,push_app,bundle
user_1321@example.com,Customer Name 1321,33,6729,111,-0.754028733722232,1.9573288820525603,60,4121.86,343.49,104,239,21,5,83.79,22,8,0,10,ES,female,push_app,internet
user_1322@example.com,Customer Name 1322,38,7652,119,1.298842746571741,-2.365421637912921,2,45.38,3.78,311,166,19,0,20.15,11,0,1,3,NL,male,sms,mobile
user_1323@example.com,Customer Name 1323,18,1573,92,1.3797229190386806,0.49092439242755426,15,785.89,65.49,100,1114,146,36,502.5,5,0,0,8,FR,male,sms,internet
user_1324@example.com,Customer Name 1324,28,2278,60,-1.068145569960522,-1.0549129600047367,3,122.18,10.18,283,1947,183,13,335.03,12,0,0,1,NL,female,push_app,mobile
user_1325@example.com,Customer Name 1325,28,7121,67,-1.1554430216053753,0.6863792034517877,37,1582.08,131.84,28,1653,205,26,803.85,28,3,0,8,FR,female,sms,internet
user_1326@example.com,Customer Name 1326,19,1857,115,-1.367959738457718,-1.7112011876666913,1,41.82,3.48,222,1492,80,21,126.53,4,1,1,1,ES,other,sms,tv
user_1327@example.com,Customer Name 1327,49,4049,15,-0.7475512666548687,0.8889868917819241,33,2408.88,200.74,25,360,15,2,53.67,20,1,0,3,FR,female,web_display,internet
user_1328@example.com,Customer Name 1328,36,1655,16,1.6363736578099113,0.140367238376915,9,144.87,12.07,80,1747,122,7,222.95,18,8,0,9,ES,female,social,internet
user_1329@example.com,Customer Name 1329,22,7752,22,-1.8542978185455417,0.5011339633319749,38,2462.52,205.21,82,1073,112,5,60.53,25,4,0,4,ES,male,push_app,internet
user_1330@example.com,Customer Name 1330,20,876,118,2.0740243057323853,0.5908569039702181,13,889.86,74.16,62,726,26,3,87.1,0,0,0,10,ES,female,push_app,internet
user_1331@example.com,Customer Name 1331,45,4897,113,-1.635671342651487,2.330268040019233,54,4104.08,342.01,100,1801,189,43,190.84,21,1,0,9,NL,female,web_display,tv
user_1332@example.com,Customer Name 1332,43,6755,95,-0.5272822945480509,0.7284740370507468,56,2334.19,194.52,76,678,44,13,152.54,23,2,0,1,NL,male,sms,bundle
user_1333@example.com,Customer Name 1333,40,2462,63,2.458916267337149,0.4251975312224241,15,675.07,56.26,96,1890,229,54,1068.34,29,8,0,8,DE,male,sms,internet
user_1334@example.com,Customer Name 1334,47,1760,31,1.5958507193501337,0.3655651832957034,13,1004.78,83.73,90,1705,25,6,121.54,17,0,0,3,NL,male,sms,bundle
user_1335@example.com,Customer Name 1335,25,2467,1,1.1530661363409334,0.4472867846296149,15,631.37,52.61,9,1943,201,45,313.89,7,2,0,7,NL,female,push_app,mobile
user_1336@example.com,Customer Name 1336,53,4637,75,-0.22638428727931736,1.8652028632009716,58,2624.41,218.7,96,1121,113,30,468.01,23,5,0,8,ES,male,web_display,bundle
user_1337@example.com,Customer Name 1337,46,7187,6,-1.9511045667937295,0.9523977907736876,40,1330.31,110.86,30,1326,187,4,391.02,25,8,0,7,NL,female,social,internet
user_1338@example.com,Customer Name 1338,30,7429,87,1.3198201397546012,-1.5332080681295912,3,36.64,3.05,348,738,81,22,368.72,7,0,1,3,NL,male,web_display,bundle
user_1339@example.com,Customer Name 1339,42,1415,9,2.4826258034215734,0.959141717004889,20,806.28,67.19,120,509,61,7,246.67,25,8,0,9,ES,male,push_app,tv
user_1340@example.com,Customer Name 1340,39,4210,52,-1.4331869897671567,2.1033475974667954,44,2457.68,204.81,117,932,127,35,105.75,14,4,0,9,IT,other,social,tv
user_1341@example.com,Customer Name 1341,63,2487,80,2.188976388923473,0.33252112444816384,9,524.67,43.72,100,1203,125,2,291.51,18,6,0,8,FR,male,sms,internet
user_1342@example.com,Customer Name 1342,50,3223,62,-0.1069572663640681,-2.062094883907644,2,20.91,1.74,306,1811,91,19,183.63,9,1,1,1,DE,male,web_display,bundle
user_1343@example.com,Customer Name 1343,54,2818,58,0.5921451719599053,-2.1934834878735003,1,66.07,5.51,322,212,27,5,108.9,23,10,0,10,IT,male,web_display,mobile
user_1344@example.com,Customer Name 1344,24,6071,102,-1.1203284448203341,1.3252900502461726,48,2134.52,177.88,99,722,82,24,192.4,15,7,0,10,DE,female,push_app,tv
user_1345@example.com,Customer Name 1345,40,5678,108,-1.256612392310183,-1.3668542603967617,3,139.36,11.61,297,920,63,14,225.58,10,4,1,3,ES,male,web_display,internet
user_1346@example.com,Customer Name 1346,23,4665,19,-0.5416588608480595,2.3969832499088324,55,4252.71,354.39,50,1260,137,15,439.9,11,3,0,9,ES,female,social,tv
user_1347@example.com,Customer Name 1347,32,2387,109,0.6138060753885421,0.8891867573109251,15,448.68,37.39,42,1768,232,38,1134.57,15,3,0,3,DE,female,web_display,internet
user_1348@example.com,Customer Name 1348,32,5662,13,-0.9590168926686871,0.8080918850633934,52,3292.41,274.37,83,939,137,15,646.64,15,0,0,10,ES,male,push_app,bundle
user_1349@example.com,Customer Name 1349,57,862,32,0.7364528076053769,0.9063910324541489,15,753.52,62.79,48,288,41,2,99.41,27,12,0,8,FR,male,web_display,bundle
user_1350@example.com,Customer Name 1350,51,1282,100,1.4837215532039927,0.8186587653808131,20,1181.12,98.43,26,376,20,1,75.12,29,13,0,9,IT,female,social,bundle
user_1351@example.com,Customer Name 1351,31,1611,9,2.1989001219736237,0.10797654572992355,11,431.72,35.98,116,1860,128,8,541.77,19,0,0,2,NL,female,social,bundle
user_1352@example.com,Customer Name 1352,46,1386,110,0.8297888537661922,0.41585908611710565,12,354.53,29.54,6,202,5,0,22.72,2,0,0,3,ES,male,push_app,bundle
user_1353@example.com,Customer Name 1353,33,1126,110,2.206397177023863,0.39016906220668157,15,723.43,60.29,5,206,9,2,7.26,26,11,0,8,ES,female,sms,internet
user_1354@example.com,Customer Name 1354,46,1006,49,1.9748604149891416,-0.37653461326441595,7,253.72,21.14,58,1698,226,61,420.21,8,0,0,2,FR,other,push_app,tv
user_1355@example.com,Customer Name 1355,40,4614,37,-0.02752112296899334,1.3570852353073428,59,1510.62,125.89,25,856,51,0,98.99,7,0,0,10,FR,male,sms,mobile
user_1356@example.com,Customer Name 1356,27,7827,31,-1.9954080251108266,2.4836745418810517,34,2337.38,194.78,1,272,26,0,63.83,9,4,0,8,FR,female,social,tv
user_1357@example.com,Customer Name 1357,64,1163,31,2.4674021280345286,-0.29977504955876966,6,259.85,21.65,74,1968,203,14,256.12,28,11,0,6,NL,male,web_display,bundle
user_1358@example.com,Customer Name 1358,21,7305,59,0.4981746950446946,-1.766466026324932,3,207.94,17.33,270,1098,131,10,358.01,12,5,1,2,IT,female,web_display,tv
user_1359@example.com,Customer Name 1359,29,979,55,1.1195347805342337,-0.2521676544895799,6,259.09,21.59,3,1454,51,1,177.71,17,1,0,4,NL,male,social,tv
user_1360@example.com,Customer Name 1360,59,4409,19,-1.8188392596393357,2.4926310715506004,27,1322.35,110.2,86,821,43,5,117.74,12,1,0,8,ES,female,push_app,internet
user_1361@example.com,Customer Name 1361,51,880,63,0.8844962982765239,0.7321446715580424,5,398.35,33.2,120,1314,95,16,332.13,12,3,0,8,IT,female,web_display,mobile
user_1362@example.com,Customer Name 1362,21,4696,2,-0.9212078032152009,2.148381844065802,50,3830.26,319.19,48,1793,109,18,87.09,14,3,0,8,DE,male,push_app,mobile
user_1363@example.com,Customer Name 1363,37,2015,45,0.3463052549254111,-1.9653394133840478,3,87.05,7.25,346,930,137,22,608.55,12,1,0,8,IT,female,web_display,bundle
user_1364@example.com,Customer Name 1364,45,6154,96,-1.3742213196683288,2.163604432534232,29,2053.37,171.11,44,324,41,4,193.76,29,12,0,10,ES,female,sms,internet
user_1365@example.com,Customer Name 1365,45,933,43,1.0199644440024203,0.40925159885431195,19,709.24,59.1,54,1807,139,29,456.0,15,6,0,1,DE,male,web_display,internet
user_1366@example.com,Customer Name 1366,23,2117,98,0.9475838197623494,0.2446232841143412,8,119.9,9.99,96,1446,192,47,857.52,7,1,0,5,FR,female,sms,internet
user_1367@example.com,Customer Name 1367,31,1113,1,1.0564692990181803,-1.9326059515471201,4,201.22,16.77,181,1631,95,9,103.69,26,2,0,7,NL,male,web_display,internet
user_1368@example.com,Customer Name 1368,52,6723,85,-0.21740426275492752,1.8898175429204151,35,2743.78,228.65,41,1671,200,5,817.7,26,1,0,8,ES,female,web_display,internet
user_1369@example.com,Customer Name 1369,64,5469,61,-0.5623232845034722,1.1127975179799388,57,4457.51,371.46,111,233,9,0,9.33,18,4,0,8,IT,male,web_display,mobile
user_1370@example.com,Customer Name 1370,18,2468,3,2.3609941934812824,0.12695439689195742,17,320.49,26.71,60,1160,137,5,320.04,9,0,0,4,DE,female,web_display,mobile
user_1371@example.com,Customer Name 1371,36,2426,91,0.9210945701700639,0.499383047147948,14,895.81,74.65,11,192,14,1,27.4,11,2,0,7,FR,male,web_display,tv
user_1372@example.com,Customer Name 1372,18,5889,44,-1.91904516834917,1.9064692281964284,34,2250.74,187.56,18,174,4,0,12.54,13,3,0,9,ES,male,push_app,mobile
user_1373@example.com,Customer Name 1373,30,920,7,2.4964514441627292,-0.27848004429406137,8,286.5,23.87,108,855,41,5,76.13,5,2,0,1,ES,male,sms,internet
user_1374@example.com,Customer Name 1374,25,1058,33,1.0649505223388478,0.5841545955103875,9,504.91,42.08,13,282,18,1,60.62,20,2,0,2,ES,female,sms,tv
user_1375@example.com,Customer Name 1375,35,5477,9,0.23781091509582186,-1.8345435755293698,3,132.51,11.04,332,816,93,20,200.25,23,6,1,1,FR,female,web_display,mobile
user_1376@example.com,Customer Name 1376,52,6943,30,-1.7302392926385912,1.3706696690601194,55,1427.39,118.95,67,558,11,0,48.11,8,2,0,9,IT,female,push_app,tv
user_1377@example.com,Customer Name 1377,40,6639,18,-1.3343987966898112,1.958760911042553,60,3797.31,316.44,72,1822,186,30,623.56,26,7,0,9,ES,female,push_app,mobile
user_1378@example.com,Customer Name 1378,67,2252,56,1.8123633270537276,0.8433844574529112,11,312.32,26.03,99,1801,198,10,290.83,6,2,0,3,ES,female,social,bundle
user_1379@example.com,Customer Name 1379,69,1545,90,1.1901712874480388,0.08619141792679497,10,338.31,28.19,15,726,73,0,146.92,5,1,0,6,FR,female,social,mobile
user_1380@example.com,Customer Name 1380,43,900,84,2.107254762235015,0.7616820281714303,6,139.81,11.65,76,508,59,15,254.49,21,9,0,6,FR,female,push_app,tv
user_1381@example.com,Customer Name 1381,58,1597,102,1.4270078935970283,0.7187782134594425,10,603.49,50.29,18,306,10,2,22.39,0,0,0,7,IT,male,social,bundle
user_1382@example.com,Customer Name 1382,55,7958,105,-0.10233631795737819,2.0674495653680225,50,2105.53,175.46,61,1368,126,3,366.8,20,5,0,9,IT,female,sms,internet
user_1383@example.com,Customer Name 1383,37,5841,119,-0.36038123572816216,2.1315623868541147,33,1354.19,112.85,64,1456,206,41,704.57,13,3,0,10,NL,female,push_app,tv
user_1384@example.com,Customer Name 1384,19,6897,31,0.1077432514286425,1.8168096291242297,52,2720.61,226.72,71,772,73,13,150.76,23,11,0,8,ES,male,social,internet
user_1385@example.com,Customer Name 1385,43,2664,72,-1.4776838898098286,-0.9969717775796543,2,42.02,3.5,321,1648,157,22,286.2,5,0,1,3,FR,female,push_app,internet
user_1386@example.com,Customer Name 1386,53,2404,63,1.3316020681443264,0.9314343584768516,10,728.71,60.73,93,1417,160,20,422.18,11,0,0,3,FR,female,social,tv
user_1387@example.com,Customer Name 1387,42,5994,87,-0.054717922890557436,0.7963355487886885,46,1957.65,163.14,98,1112,62,16,90.95,16,4,0,5,ES,male,push_app,internet
user_1388@example.com,Customer Name 1388,47,4983,50,0.10553774544072958,1.7078436686896925,57,2032.44,169.37,44,847,91,6,161.88,4,0,0,8,IT,male,web_display,tv
user_1389@example.com,Customer Name 1389,35,1300,89,-0.24638941798100444,-0.6853862076661679,2,37.74,3.14,210,372,51,6,39.75,28,8,1,2,NL,male,sms,tv
user_1390@example.com,Customer Name 1390,24,3582,111,0.6340956541068028,-0.9582801161821912,3,65.27,5.44,339,478,5,0,9.34,10,4,0,7,ES,male,social,mobile
user_1391@example.com,Customer Name 1391,44,3440,1,-0.48846054816088147,-0.8995827493834954,3,223.28,18.61,188,725,95,21,184.6,27,12,1,1,ES,male,web_display,bundle
user_1392@example.com,Customer Name 1392,28,4428,110,0.13240298705078057,2.0431360576201083,55,2307.98,192.33,101,763,30,8,144.85,4,0,0,9,IT,male,push_app,internet
user_1393@example.com,Customer Name 1393,54,1213,82,1.860711420456553,-0.2782912366183336,11,666.08,55.51,107,1149,84,21,264.92,11,0,0,6,IT,male,web_display,internet
user_1394@example.com,Customer Name 1394,25,7513,19,-1.1404815781333297,1.046892069740133,57,891.26,74.27,82,779,100,23,404.32,2,0,0,8,FR,female,sms,bundle
user_1395@example.com,Customer Name 1395,28,6165,115,0.08959726846811478,1.3698753233211014,37,2036.57,169.71,41,643,80,23,56.34,23,6,0,8,IT,male,social,bundle
user_1396@example.com,Customer Name 1396,41,7277,106,-0.41796414330493414,1.4099050009867924,27,2011.67,167.64,32,832,112,23,109.69,8,2,0,10,DE,male,social,bundle
user_1397@example.com,Customer Name 1397,47,6241,64,-0.337298129467964,1.5775845050333457,43,1332.89,111.07,40,1841,260,58,1083.01,5,1,0,10,ES,male,push_app,bundle
user_1398@example.com,Customer Name 1398,47,891,116,1.3146725980836191,-0.0010918898368452723,14,707.56,58.96,69,1977,143,42,472.75,21,6,0,3,ES,male,sms,bundle
user_1399@example.com,Customer Name 1399,69,1183,53,-0.07644729697213881,-1.2459145342545845,1,75.82,6.32,288,1733,176,0,239.26,1,0,1,1,ES,other,web_display,mobile
user_1400@example.com,Customer Name 1400,69,7597,6,0.011031452906200112,2.358096815102444,51,3077.98,256.5,38,190,12,2,27.86,25,9,0,10,IT,female,push_app,tv
user_1401@example.com,Customer Name 1401,32,3123,17,1.2692685421223837,-1.2824790839568132,2,28.73,2.39,189,575,33,7,96.49,1,0,1,1,FR,female,social,bundle
user_1402@example.com,Customer Name 1402,52,7419,46,-1.3393784838815852,1.398542676340051,39,1423.95,118.66,110,825,58,15,249.18,21,0,0,9,DE,male,web_display,mobile
user_1403@example.com,Customer Name 1403,56,2135,109,1.836864455109543,0.7251044015899999,6,96.02,8.0,14,1311,149,39,115.01,11,4,0,4,IT,female,push_app,bundle
user_1404@example.com,Customer Name 1404,41,6373,72,-1.9905729579356746,1.2896251568997787,41,2881.98,240.17,8,1692,135,34,430.01,7,1,0,8,FR,male,web_display,bundle
user_1405@example.com,Customer Name 1405,25,1269,118,2.143014258880167,-0.16729859316339446,6,321.1,26.76,39,1742,215,61,801.23,1,0,0,4,ES,male,web_display,internet
user_1406@example.com,Customer Name 1406,60,4978,106,-1.8949197343811215,0.5045008276404552,50,3847.34,320.61,86,1318,150,24,735.08,8,1,0,6,IT,male,push_app,internet
user_1407@example.com,Customer Name 1407,59,955,73,2.2989877841852,0.3028864541771784,13,147.98,12.33,18,633,8,0,33.06,28,0,0,1,ES,other,web_display,internet
user_1408@example.com,Customer Name 1408,37,1653,101,2.405194502066822,0.25262775870277643,5,198.08,16.51,90,797,78,0,135.96,15,2,0,6,DE,male,web_display,internet
user_1409@example.com,Customer Name 1409,58,5721,55,0.8067025825436032,-0.9107405578079932,3,51.92,4.33,246,979,69,11,254.82,27,8,1,2,FR,female,sms,tv
user_1410@example.com,Customer Name 1410,64,6716,91,-0.7236122647709249,1.4932712016831098,28,966.96,80.58,105,184,13,1,51.15,29,3,0,8,ES,male,sms,tv
